nfl_id,player_name,position,targets_covered,completion_rate_allowed,yards_per_target_allowed,touchdowns_allowed,interceptions,passer_rating_allowed,separation_allowed_at_throw_yd,separation_allowed_at_arrival_yd,open_rate_allowed_at_throw,open_rate_allowed_at_arrival,mean_air_yards_allowed,air_speed_max_yps,air_accel_max_yps2,air_accel_burst_yps2,air_cod_total_deg,air_cod_max_rate_dps,air_pursuit_efficiency,air_off_bearing_deg,air_bearing_correction_deg,air_closing_speed_yps,air_dist_to_spot_at_arrival_yd,expected_catch_rate_allowed,catch_rate_over_expected_allowed,is_defensive_back
54833,Tony Adams,SS,20,0.55,5.4,0,2,30.83333333333334,3.672020243165233,2.2431825492507995,0.6,0.25,9.370000243186931,6.985756538566669,4.338223281570363,2.273524193499915,32.984445454186734,46.73872027410575,0.6399310082070657,43.198849194634626,-5.017356062140298,3.9914258823095943,3.8862242199750656,0.7053685791193416,-0.15536857911934154,True
52476,Ashtyn Davis,SS,16,0.5625,5.5,0,2,32.29166666666667,5.538417398436423,4.466572161127129,0.75,0.6666666666666666,3.2831252217292874,5.1082205632197715,4.799732296183516,1.613118738724527,46.42341847622686,78.25618897086555,0.42155906211501176,59.57566383686444,17.16811240705224,1.9710688626284394,5.3098385794361915,0.8202321988823253,-0.25773219888232535,True
45021,Rudy Ford,FS,15,0.5333333333333333,6.733333333333333,0,1,46.805555555555564,4.454434964019495,2.9783901639480357,0.7333333333333333,0.4,9.676667022705034,6.371031105994162,4.247579651353856,1.9644376042701883,30.80653205059576,46.80035470139496,0.5429566332587807,50.32880785519659,-17.0943562941139,3.4281652345892373,3.9063013002631446,0.6910415385684662,-0.15770820523513285,True
54578,Percy Butler,SS,15,0.4,2.7333333333333334,0,0,47.91666666666667,3.7055071563101873,2.3846624793421376,0.6,0.21428571428571427,10.805332819620782,7.403166771993724,4.964608862255356,2.7489447723560336,41.035995169638745,64.53162787872172,0.842449993504293,28.886949275739216,-9.926518447278713,5.300779584114368,4.014054094784647,0.6352860819810876,-0.23528608198108758,True
53583,Michael Carter II,CB,55,0.5454545454545454,5.963636363636364,0,3,49.65909090909091,3.9530421844693997,2.252298473274728,0.41818181818181815,0.24,10.105817604064944,7.045028138282345,4.708252706924371,2.3483199583013037,31.70930526637988,50.604503392300785,0.7013632329499048,38.6395667470619,-22.79093448001035,4.540534063168613,3.9039485276315333,0.6236960155500275,-0.0782414700954821,True
52458,Jaylon Johnson,CB,45,0.5333333333333333,6.088888888888889,2,4,49.67592592592593,4.379162766583546,2.7654236269608727,0.5777777777777777,0.32558139534883723,8.84933336046006,6.167210209637294,5.489259931380557,2.9950030201810343,44.142545312739884,75.12324543801712,0.636154519932114,43.153705223448156,11.748632504732019,3.382764647283647,3.8297315504025016,0.654416493121363,-0.12108315978802964,True
52493,Julian Blackmon,FS,23,0.5652173913043478,5.043478260869565,0,1,52.083333333333336,4.081985264495828,2.274724632208729,0.5652173913043478,0.2,9.98652179344839,6.477381745170371,4.212462418461913,2.4223240076520125,27.621730848233803,45.834210685951795,0.774335947528939,30.08189283725028,-6.228286914444311,4.42293971801905,3.4732729486582947,0.6350288284574327,-0.06981143715308491,True
54533,Martin Emerson,CB,56,0.5,7.375,0,3,52.157738095238095,3.177251059064524,2.249868210705195,0.39285714285714285,0.21818181818181817,13.140357613563538,6.80301264722339,5.006162122119851,2.2077495185533653,43.433509388031844,70.06222848919703,0.6081051730866244,45.52844176098494,-9.276473748203815,4.006128678088332,3.761733192947634,0.5479070115052386,-0.04790701150523857,True
54502,Jalen Pitre,FS,18,0.5,7.166666666666667,1,2,52.546296296296305,4.445292791549188,2.164225267213996,0.6111111111111112,0.25,15.265000449286557,7.177369239262127,4.732822356985282,2.266173943206473,38.3317636062325,54.69881873028595,0.8146892969120106,29.06610837544693,-6.433810039190038,5.3867505421974515,3.5771990890477534,0.5836599278936306,-0.08365992789363064,True
43986,Antonio Hamilton,CB,36,0.4722222222222222,6.027777777777778,1,2,52.66203703703704,3.573190056230944,2.27261689877095,0.4166666666666667,0.22857142857142856,11.888888915379836,6.45149991856437,4.756008247243935,2.095624575825984,35.84341849603709,63.21473794982133,0.5860815626229994,46.298915856707076,-8.991128416025068,3.8979767794055884,3.365121488005075,0.5832770096943667,-0.11105478747214448,True
44926,Rayshawn Jenkins,SS,47,0.5106382978723404,5.0,2,3,53.058510638297875,4.146832588166073,3.061527959277236,0.574468085106383,0.4222222222222222,8.495319701255644,6.370854462016519,4.415010041976606,2.144566373367343,31.918271202254672,55.161075631145195,0.5505357677342406,47.913573063292276,-11.26340166975142,3.0864666291996645,4.573901599645563,0.6777926976960807,-0.16715439982374036,True
52594,Alohi Gilman,FS,20,0.55,6.9,1,3,53.75000000000001,4.252205423875802,2.3785909574601685,0.75,0.2631578947368421,13.546000099182129,6.811824040939692,4.073537110906372,2.0644089258765534,26.17704996186658,40.25785669458555,0.7146602298318006,34.427576919655635,-23.677114278651754,4.415743268910169,4.0761407980347215,0.6600204788102073,-0.11002047881020727,True
45395,Arthur Maulet,CB,43,0.5116279069767442,7.441860465116279,1,3,54.40891472868217,3.6768212185265963,2.927713228692611,0.4883720930232558,0.2682926829268293,10.416744071383802,5.921299670696983,5.299547221675253,2.222329770797537,51.20582957634947,79.98365703929304,0.5856162641150896,45.610612802659446,17.255241695314965,3.120020255178543,4.983473272493753,0.6301304636191811,-0.11850255664243692,True
44828,Marlon Humphrey,CB,33,0.5454545454545454,8.575757575757576,1,3,55.492424242424235,2.7554032363948977,1.9656696169484857,0.2727272727272727,0.22580645161290322,14.16333295359755,6.605917702909611,4.932967601959227,1.8979359323162277,43.64492560958876,67.48180528168994,0.682018347277411,39.73542576699123,-4.620651675737627,4.203362101205173,3.425460135347738,0.5141437131785267,0.03131083227601872,True
46157,Oren Burks,OLB,17,0.7058823529411765,4.9411764705882355,0,1,56.985294117647065,6.662743058952481,3.7489854385469736,0.8823529411764706,0.5833333333333334,2.8435293085434763,6.127248442302192,4.656662043728583,0.9451128431019377,25.54233681435996,42.642489009697876,0.4150538041504354,58.0638037879161,9.80113762082374,2.8331658035025833,5.126825364581287,0.8338286878011661,-0.12794633485998963,False
53601,Deommodore Lenoir,CB,76,0.631578947368421,7.5131578947368425,1,6,57.510964912280706,3.71112608646619,2.7277828614700983,0.5789473684210527,0.2876712328767123,10.004736770924774,6.3921692732014845,5.417029170933192,2.557791760409346,51.326703739154006,95.5650850500513,0.5852202931713961,48.858576141616254,12.371331942649919,3.2918861074204204,4.048311087341261,0.6207623541105712,0.010816593257849783,True
53854,Nick McCloud,CB,23,0.6086956521739131,6.565217391304348,1,2,58.42391304347826,3.412201765206951,3.02338281661014,0.4782608695652174,0.391304347826087,13.749564626942528,6.705997203107246,5.681821375146241,2.5147206133740845,59.83890809473719,100.60964150142449,0.5447759818464121,50.9374182846323,3.5294747129156416,3.173711491918316,4.45266977098194,0.6518141191923287,-0.043118467018415596,True
38559,Harrison Smith,FS,33,0.6363636363636364,7.0,0,2,59.02777777777778,6.102607209340136,3.4791965696591025,0.7272727272727273,0.48148148148148145,7.872423793330351,5.6234833594308835,4.515536487337326,2.1944428481938507,40.65317676178239,66.54393278161746,0.4580256094853652,56.23224565998772,14.328940788427891,2.7235715113206362,6.527549115064445,0.7361339482121143,-0.09977031184847795,True
46073,Denzel Ward,CB,51,0.5098039215686274,5.588235294117647,0,1,59.681372549019606,4.189766368890274,2.7195238960000645,0.5490196078431373,0.3673469387755102,9.98960775487564,6.496792210446406,6.052845847892599,2.5998391052984067,54.61750814577338,94.7983155091047,0.5037727165524277,53.278142571807265,14.957645598407398,2.916976506549881,4.346619927201522,0.6403751771351139,-0.13057125556648652,True
56030,Terell Smith,CB,38,0.5789473684210527,7.552631578947368,0,2,59.86842105263158,3.637549967770172,2.925326567307599,0.5526315789473685,0.40540540540540543,11.440526259572888,6.606207852048728,5.469200711291457,2.968221009394425,47.94657930529216,79.31547769302797,0.7103884960024028,38.63439470493378,14.085825745345204,3.97608353051992,4.136315726733238,0.6172527444205214,-0.038305375999468705,True
44837,Jabrill Peppers,SS,33,0.696969696969697,6.03030303030303,0,2,60.037878787878796,5.350531299608137,3.785111529410663,0.6666666666666666,0.5666666666666667,6.550302852283821,6.072564204625847,4.690151439459928,1.104126984333239,35.809567033080164,59.833473375266756,0.34333731899860176,65.87284965435792,3.7940069570163555,2.221881472341669,5.986011178019377,0.7881197606437725,-0.09115006367407552,True
53614,Nick Niemann,MLB,15,0.7333333333333333,6.2,0,1,61.24999999999999,5.673052586395375,2.8529727290850277,0.6666666666666666,0.5,4.006666056315111,5.515702240882785,4.461281629724031,1.8050651535609452,37.52417797481002,89.63601798074106,0.6864158904577992,40.74283536393913,9.015488718965026,3.3925004405868004,3.585334944766704,0.742072281870031,-0.008738948536697766,False
52546,L'Jarius Sneed,CB,78,0.5384615384615384,6.333333333333333,0,2,62.66025641025641,3.7217637286766037,2.529767823378124,0.46153846153846156,0.33766233766233766,10.965641082861486,6.380910474051297,5.456965850065643,2.6149464119727264,51.1227508662656,93.65733991544842,0.6736076089137905,40.44359815098463,14.422864789729898,3.9087096908395935,3.843681855918784,0.6309756356552215,-0.09251409719368309,True
52547,Amik Robertson,CB,43,0.5116279069767442,7.674418604651163,2,3,63.12984496124031,4.328331245721548,2.5277222436935927,0.5813953488372093,0.30952380952380953,12.383953271910215,6.496289588762533,5.3461429317078935,2.932617079813868,40.59702090820529,67.9943530477876,0.7004311976910279,38.573219330690925,-8.963686620716967,3.8326072937726625,3.9927479540737094,0.6400155118214633,-0.12838760484471912,True
53505,Paulson Adebo,CB,77,0.5454545454545454,8.220779220779221,2,5,63.39285714285715,3.3205127267966077,2.5072268292955155,0.42857142857142855,0.3013698630136986,12.07649378343061,7.019322470508682,5.0219039922358215,2.465415964829573,41.75393582848304,61.24098655337793,0.6744671054194451,39.337047678668604,-13.392979552005237,4.2934946017718945,3.6311949780281174,0.5960684227246146,-0.05061387727006916,True
46456,Darious Williams,CB,81,0.5802469135802469,8.814814814814815,2,6,64.53189300411523,3.8700463736893886,2.589475030673833,0.5802469135802469,0.2911392405063291,12.564814626434694,6.355297058196589,4.8129118399371595,2.3441596727020744,45.33546695635942,63.74381404792691,0.6170569263396736,44.74758262331846,0.995542818643313,3.540964911848182,4.464924638634192,0.6338916845121417,-0.05364477093189479,True
56117,Alex Austin,CB,15,0.3333333333333333,2.8666666666666667,1,0,64.58333333333334,3.82648041772262,2.898982398355693,0.4666666666666667,0.4,9.807333119710298,6.2273601763082285,5.129720905300859,2.93229921983752,42.22206320466077,73.50480777448242,0.6064574447418273,43.0412109712707,-19.1038366226324,3.2061533978813186,4.327929124056495,0.5894132398241965,-0.25607990649086315,True
43294,Jalen Ramsey,CB,30,0.6,7.233333333333333,2,3,64.86111111111111,3.810226317394688,3.1034204981448887,0.5666666666666667,0.3448275862068966,14.129333655039465,6.937164932447739,5.215546481517902,2.512166701160094,46.364565137503,68.32012855686662,0.655218492417476,42.06623550610136,5.127704944027842,4.4256730263192035,4.371054800411174,0.6195312825568873,-0.019531282556887297,True
52444,Xavier McKinney,SS,37,0.5945945945945946,6.054054054054054,0,1,65.59684684684686,4.577403651837922,2.3662020309651934,0.6216216216216216,0.36363636363636365,8.002973372871768,6.790113604669674,4.560098922238075,2.6846662301090745,33.67141604771633,52.84338811034772,0.690886936504672,39.484010100704694,0.3256276659794003,4.235382664197843,3.5931234128409786,0.6677848940667251,-0.07319029947213052,True
42467,Kwon Alexander,OLB,24,0.625,7.5,0,1,68.05555555555557,5.0810045424893655,3.7734151459815712,0.7916666666666666,0.55,6.460832675298029,5.6412632640371125,3.7346488300416496,1.9798459723018216,28.452619073284943,44.96371659538893,0.41052492239820093,61.12367403510888,-7.472479718865263,2.2046729175607243,5.655372897888534,0.7150050198660542,-0.09000501986605425,False
46168,Isaac Yiadom,CB,48,0.5,7.145833333333333,3,3,68.31597222222221,3.015332091011203,2.1927450160675965,0.3541666666666667,0.2553191489361702,11.528749947746599,7.075310793011615,4.285022417979669,1.8933430160556142,29.521707009896875,50.07556288761693,0.5576976653779424,47.46528271131387,-30.60402996422118,3.970442446331552,3.6190194560031044,0.5542963262672532,-0.054296326267253225,True
54479,Kyle Hamilton,SS,43,0.5116279069767442,3.9767441860465116,1,0,69.0406976744186,4.475534807788655,3.006128033092268,0.5581395348837209,0.4146341463414634,5.099534639092366,6.3248625011476785,4.8205411652604555,2.5770389924267367,37.7158582101608,58.32818852145247,0.6006486274090292,45.78990900295509,4.583246123393299,3.743434610773887,4.146026489359544,0.676960747238547,-0.16533284026180284,True
56086,Jaylon Jones,CB,48,0.5416666666666666,6.541666666666667,3,3,69.27083333333334,3.4266069020281953,2.5616805197906696,0.3333333333333333,0.3695652173913043,11.449374988675117,6.3979841238350375,5.749418026282439,2.737165821947714,57.44817236515112,93.1027679769977,0.4992741238432328,54.892690295440744,18.752345061713417,2.939620908438375,3.818539189399567,0.5865458567884813,-0.04487919012181463,True
53529,Elijah Molden,FS,26,0.6538461538461539,7.038461538461538,0,1,69.87179487179488,4.581789423341142,3.693014651019608,0.6538461538461539,0.52,8.249615066326573,5.788898409410166,4.839654281502277,1.8010674416411068,44.216706100052896,94.50417871067357,0.43835551343154894,56.197224248308565,8.091039636651558,2.5951790639367154,5.439036822837588,0.702085232883584,-0.04823907903743019,True
55956,Dorian Williams,OLB,21,0.6666666666666666,7.714285714285714,0,1,69.94047619047619,5.240952429074758,3.700001679809828,0.8095238095238095,0.5263157894736842,2.2471430188133663,5.7145606773544415,4.3960615323660255,2.228884581168704,35.84839531050358,66.70398004133393,0.4753285112821331,56.78330311903685,9.968143498989566,2.6362622666671327,4.533460892400532,0.8038157731523137,-0.13714910648564704,False
38868,Tashaun Gipson,FS,17,0.5294117647058824,5.764705882352941,0,0,70.22058823529412,3.850938544018996,2.2927026016870458,0.5294117647058824,0.35294117647058826,10.87764738587772,6.8825789924586855,3.858261122862343,1.3403453625830666,28.423930753557322,34.500078174103585,0.4957774980327616,54.694947769175485,-4.6302637046172155,3.068435544663286,5.979439771484715,0.6408166400403521,-0.11140487533446974,True
54611,Micah McFadden,ILB,37,0.6756756756756757,6.918918918918919,2,3,71.45270270270268,4.876021300081945,3.7570537566322493,0.6486486486486487,0.5151515151515151,4.891350688161074,6.582808823049981,4.160965136237936,1.8987064993931844,29.692251851761714,57.504288659641475,0.6348645534092241,42.66063490512785,-4.117009331286799,3.995276066681491,4.436982089129201,0.7718484431482353,-0.09617276747255965,False
42393,Ronald Darby,CB,43,0.5348837209302325,5.976744186046512,0,0,71.56007751937985,3.3602803172101257,2.5280283553506258,0.37209302325581395,0.3023255813953488,11.516976112543173,6.198263665640085,5.322494126528543,2.4540900514924213,45.67075898417526,78.29098826578421,0.5283206820752417,51.91695969305676,7.300866124691005,2.9336169339440534,3.9519258165753177,0.5743495193414776,-0.03946579841124509,True
46757,Charvarius Ward,CB,86,0.5930232558139535,7.837209302325581,3,5,71.56007751937986,3.079817408334689,2.1096460741026637,0.45348837209302323,0.22093023255813954,11.450116512387298,6.542903443659796,5.4360091489732465,2.7763318760477502,44.01303929564499,81.27237718125423,0.6349405921044637,44.30480891805575,1.037984806012048,3.7267489775597182,3.5470801807201306,0.6145944858596551,-0.021571230045701606,True
54679,Ja'Sir Taylor,CB,48,0.5625,8.0,1,2,71.875,5.394001626903656,2.9872061049278082,0.5625,0.375,9.223541498184199,6.738275181857036,4.7540723174626365,2.656121438210405,39.84049846381471,57.52698255985071,0.6130186405794181,45.10066237894263,-0.7063230063469975,3.9861092235120688,4.768444541704775,0.6965839913722616,-0.13408399137226157,True
43700,Jonathan Jones,CB,50,0.52,6.76,1,1,71.91666666666666,3.5793260149195696,2.2758480987104366,0.52,0.26,15.026999808549869,6.821724808750151,4.972085862769888,2.6414766691179143,41.758988416605426,66.00975859954595,0.7177934974200302,36.61953685945097,2.6117587558381192,4.408220481885891,3.834349985398782,0.5979310890237044,-0.07793108902370438,True
40107,Micah Hyde,FS,20,0.7,8.15,0,1,73.54166666666666,4.144127791012949,2.323164941209189,0.55,0.23529411764705882,10.356000041961648,7.267722872135559,4.676192475399394,1.655142127248231,35.69350172509436,49.62286165968249,0.6763406464187703,40.108862220370185,-8.552584133260854,4.531794117916175,3.453899708203067,0.7077739246178648,-0.007773924617864858,True
48482,Tyrel Dodson,ILB,23,0.782608695652174,6.043478260869565,0,1,73.73188405797103,5.939432804138432,3.202383716000936,0.7391304347826086,0.5,2.893913600755778,5.602611758482951,4.226564816243136,2.49746525863793,25.56533031668573,53.297467280129275,0.5606070653951678,50.74058362699989,5.210315431224503,2.539398555271634,4.806662196495087,0.8363603896452558,-0.053751693993081884,False
54504,Kyler Gordon,CB,56,0.6428571428571429,6.482142857142857,1,2,73.73511904761905,5.236615895855928,2.856067800397109,0.6428571428571429,0.3469387755102041,8.043393152100688,6.254522171120278,4.882671754037871,2.860363336984768,38.73471899389564,67.31339924061807,0.7042159011994845,36.92774726124257,10.70834294310275,3.9817425944461062,3.956148493383748,0.7130872334025838,-0.07023009054544094,True
46080,Minkah Fitzpatrick,FS,17,0.47058823529411764,7.882352941176471,0,0,74.14215686274511,4.169380968549259,2.2652915289404363,0.35294117647058826,0.25,11.062941607306978,6.222058055848942,3.8769275461589983,1.6921394710245834,34.24269261009319,50.86156429157251,0.47202444245047404,50.60363319569577,-4.099573883111824,3.374469866571988,4.829867828456086,0.6369142612618559,-0.16632602596773827,True
46669,Jonathan Owens,SS,19,0.5789473684210527,5.7894736842105265,0,0,74.4517543859649,4.512351585075706,3.6838622107010477,0.47368421052631576,0.3888888888888889,7.063158035278332,7.113666721585067,4.452690615308785,2.0174941323895736,33.41616239473322,47.46100537086758,0.6703264385975783,41.228533140936435,-12.587557603435679,4.21299472594437,4.5787612761858805,0.663980324287492,-0.08503295586643933,True
47963,Corey Ballentine,CB,42,0.5476190476190477,7.023809523809524,1,1,75.0,3.2609201218684416,2.408758845482335,0.42857142857142855,0.2926829268292683,11.888333547682967,6.802571554967546,5.090174699568509,2.2671833880412873,49.00597101255149,82.1564448245751,0.635487010914333,42.97073325414326,1.4588667805195255,3.941376714948816,3.4507157752840865,0.6175895067201296,-0.0699704591010819,True
46699,Dee Delaney,CB,20,0.6,6.55,1,1,75.20833333333333,3.730108252861258,2.7205582791485794,0.4,0.47368421052631576,7.112000036239607,6.177905798898998,5.026293116540991,2.2242858392578206,39.685916791864784,88.54111361782299,0.2658449367118541,70.4976585275109,8.177659812608743,1.9542320518563252,4.679595886020672,0.6606201665899191,-0.06062016658991909,True
54632,DaRon Bland,CB,78,0.5512820512820513,8.961538461538462,4,5,75.74786324786325,3.222023421574339,2.6332040463115933,0.4230769230769231,0.3076923076923077,12.385897544714128,7.246151772265146,4.976231636447126,2.845442504966904,41.03464320256223,65.66353741627846,0.6148285832310469,45.524978635615284,-14.031148906989896,4.098913982001824,4.013077968492617,0.5953017560750106,-0.04401970479295925,True
56242,Eli Ricks,CB,31,0.5483870967741935,7.612903225806452,1,1,76.81451612903226,3.007019730470524,3.0579869251109573,0.3870967741935484,0.43333333333333335,10.836451868857111,6.367988954776735,4.9147923039484915,2.687961872457044,37.77162177990285,67.20770195516018,0.610169322995082,43.15734169316964,4.31621471144039,3.3282108028829724,4.561045872739604,0.6073150222973527,-0.058927925523159175,True
47940,Blake Cashman,ILB,54,0.7037037037037037,6.111111111111111,1,2,76.929012345679,4.756540515461781,3.099617765018288,0.6111111111111112,0.41304347826086957,5.625555426986121,5.821720542158179,4.63819396442052,2.057744076315909,39.34974572307387,74.62115111056124,0.5070223957547622,52.504767288486036,8.881839534535983,2.8147748534070662,4.264029904457504,0.7503674546827475,-0.04666375097904374,False
47822,Sean Murphy-Bunting,CB,54,0.6296296296296297,9.592592592592593,1,3,77.54629629629632,3.2193957369258444,2.726901146436249,0.4444444444444444,0.4339622641509434,13.122407692450068,6.385785798563448,5.276910179407088,2.5349860669320483,54.831859302699385,92.73922755727287,0.6183473268009775,44.61459031979044,14.727387312479927,3.5570454284583946,4.095702192652137,0.5964266003935975,0.03320302923603213,True
56097,Carrington Valentine,CB,48,0.5625,7.3125,1,1,77.69097222222221,3.608296557536582,2.3313964157474265,0.4375,0.2978723404255319,12.030417069792742,6.582212936408493,5.801168591392338,2.8138933501372487,60.71649453169156,95.1385794086642,0.6780535049112728,41.37818684984226,9.576302662183672,3.999656331370502,3.630418189701111,0.5988617011924778,-0.036361701192477835,True
54525,Cam Taylor-Britt,CB,52,0.5384615384615384,10.153846153846153,2,3,78.0448717948718,3.008653614860722,2.520363140089584,0.36538461538461536,0.27450980392156865,15.923077014776371,7.338887069013965,4.7280018333559735,2.397427220219185,38.84881688559599,60.643045324770924,0.7506539197588225,33.04460426163796,-2.550312993930087,5.164493655527101,3.3154378243448526,0.5798271134150902,-0.041365574953551754,True
54781,Jack Sanborn,MLB,23,0.782608695652174,7.173913043478261,0,1,78.44202898550726,5.262592007739547,3.437231521177233,0.8695652173913043,0.5454545454545454,4.111304822175408,4.7098120096114835,5.239388884569815,3.1139429477422276,47.25702891356766,119.89205465593689,0.5681848598922957,51.56960393801701,41.060828582428755,2.0532245772809126,4.314039931167361,0.839866331755003,-0.05725763610282908,False
44869,Zach Cunningham,MLB,52,0.6346153846153846,6.423076923076923,2,2,78.52564102564102,4.9094274612016715,3.11001515965207,0.5769230769230769,0.40476190476190477,4.592115365541901,5.73458470841241,4.048308075960602,1.8083277464890752,32.01561165207637,58.57840688532201,0.4345787182620412,59.69169825640725,-2.5730137669070414,2.398562644943932,5.001406261256965,0.76559357923821,-0.13097819462282545,False
55967,Mekhi Blackmon,CB,35,0.6,7.0,1,1,78.86904761904762,4.588163804920746,3.3470124419579306,0.6571428571428571,0.4857142857142857,12.910571534293029,6.073521387408818,5.5006809784355815,2.260316625603439,57.16653462353396,80.72346311792046,0.4618710053134587,56.85610125127911,24.388588204271024,2.8086525764961086,4.559348295033972,0.6523564556976164,-0.05235645569761638,True
46099,Mike Hughes,CB,21,0.6190476190476191,7.0,1,1,78.86904761904762,3.1827495769383605,2.495526767170134,0.47619047619047616,0.42105263157894735,10.928571701049847,7.278719041539596,5.265563114429985,2.9646318216222722,42.67420034645298,83.58479409203909,0.6370456853025963,43.07934307785854,-9.375841615831645,3.660439457790248,5.18207598040815,0.6313682763346419,-0.012320657287022807,True
47881,Quincy Williams,OLB,64,0.703125,6.640625,2,3,79.23177083333334,4.777691486549878,3.3794042106180173,0.6875,0.4426229508196721,4.768125087022775,6.3361117279477135,4.768764866279002,2.9151628221902275,34.32061779183671,60.67140504043419,0.6390215164645504,43.63795477880405,5.4822817308725815,3.567616472948895,4.252633687793854,0.7402331431807946,-0.037108143180794584,False
47947,E.J. Speed,MLB,47,0.6808510638297872,5.617021276595745,1,1,80.45212765957447,6.063286720417647,3.957297660647141,0.7659574468085106,0.5853658536585366,4.371276936632525,4.851732356554297,4.53779150030012,2.943538781385485,38.85428817110683,79.1167404262422,0.624737174231735,43.74237422104272,9.796180836532947,2.585058839815021,5.509022273853428,0.7680728779182018,-0.08722181408841456,False
44878,Ahkello Witherspoon,CB,96,0.5416666666666666,8.010416666666666,5,4,80.59895833333334,3.125566564933474,2.7557935424779205,0.3854166666666667,0.24731182795698925,13.712812463442475,7.044368744391261,4.630630879305551,2.342739188222762,42.09903705636462,68.26601520006412,0.6106526464013258,44.51098664823205,-4.790382565134268,4.078957762313235,4.073087355186554,0.5790196099217961,-0.0373529432551295,True
53566,Tre Brown,CB,45,0.6444444444444445,9.066666666666666,2,3,80.60185185185186,3.172240667078274,2.3315518778636894,0.35555555555555557,0.25,11.519333177142668,6.904710076244417,5.115920561628288,2.227078113132914,40.669225036175455,65.53105410717357,0.6726861926401762,41.61546573043173,-5.2429478381841195,4.151952143649324,3.746912159511014,0.6140185390409835,0.030425905403461018,True
52411,Jeff Okudah,CB,47,0.6382978723404256,10.382978723404255,0,2,80.80673758865248,3.254721573716319,2.897445470985688,0.48936170212765956,0.35555555555555557,11.334468466170287,6.996254231000175,4.599265704678834,2.449528778818497,38.45906826293128,56.807404096351135,0.6870644693474971,36.5628280335517,-0.0053931000032820245,4.38093321746016,4.026043800941735,0.6277388843427492,0.010558987997676406,True
43327,Xavien Howard,CB,47,0.5531914893617021,6.170212765957447,1,0,80.9840425531915,2.5931094980767004,2.461823932527561,0.2553191489361702,0.3191489361702128,13.453617052829037,6.756739664329236,4.938272261617328,2.527917805890218,40.6623176264159,64.9219053132444,0.7450750405628522,33.893337876809106,4.183312294599509,4.507789481177197,3.3334050418167767,0.5519983262854876,0.0011931630762145318,True
54622,Zyon McCollum,CB,73,0.5616438356164384,6.931506849315069,2,1,81.19292237442922,3.6175255364957635,2.96025555962676,0.4931506849315068,0.352112676056338,11.979177938748718,6.710589260601797,5.432477572948769,2.8344033594311417,52.888314772857484,80.45858829675691,0.618917946093208,45.77331201730677,9.446856535575867,3.772853454758496,4.069970586271636,0.640884186927143,-0.07924035131070462,True
43325,Myles Jack,ILB,16,0.75,10.3125,0,1,81.51041666666666,5.740013971884144,3.6498177094357938,0.75,0.5833333333333334,7.336250305175781,5.307552188409328,3.962068131482298,1.1186058929086113,40.11835394689312,59.83778312183522,0.48420943976792397,52.364977332181816,16.98451794563834,2.799974846212126,4.811994915234634,0.8241432270655848,-0.07414322706558485,False
56673,Eric Garror,CB,21,0.5238095238095238,4.809523809523809,1,0,81.64682539682539,3.030452444715274,1.9476316931374105,0.42857142857142855,0.19047619047619047,10.348095121837744,6.486176970717797,6.0378453350631505,2.5622589960754345,54.01474093420409,97.0558489164745,0.5943840672929296,44.63005493721668,25.45256602549005,3.849804814207716,3.2152221240823105,0.599976912848902,-0.07616738903937814,True
41257,Bradley Roby,CB,34,0.5882352941176471,5.029411764705882,1,0,81.86274509803923,5.307145559342793,3.2471755528481414,0.5882352941176471,0.3448275862068966,6.97941252764532,6.193732041970795,5.222363004801929,3.2007524516796915,41.763119366571246,81.46082308151067,0.6592477584261658,42.53089240499466,6.476644201287705,3.3855412778897755,4.266713273808192,0.6941296830492767,-0.10589438893162961,True
38588,Lavonte David,ILB,77,0.7012987012987013,6.454545454545454,0,1,82.00757575757575,4.584208344075639,3.2426026994650594,0.5454545454545454,0.4861111111111111,6.048182122119055,5.688069609488902,4.676298394757525,2.2165496363416586,39.06167793087485,75.49115870230328,0.523711650877241,53.309007356336,9.304122765769515,2.8018452230098183,4.839587399483845,0.7224356501903977,-0.021136948891696372,False
55937,Garrett Williams,CB,24,0.75,8.375,0,1,82.11805555555557,5.085899750616647,2.928218463596923,0.75,0.3,7.1416668097178215,6.5271783009469475,5.304039111848163,2.4688264884277493,38.1710531085531,72.79633156131338,0.5083307073859613,52.05033946342615,4.895805492516417,3.204827598935732,4.518429922718257,0.7689251358886637,-0.018925135888663736,True
54708,Jaylen Watson,CB,42,0.5476190476190477,7.333333333333333,3,2,82.2420634920635,2.4631194193415618,2.075162771349214,0.2619047619047619,0.21428571428571427,11.276666788827805,6.873748883451561,4.773046045136884,1.9030483406820389,32.93265683773796,66.53785071063028,0.5148724050365673,49.82506667985532,-12.256885114962934,3.6277332461781424,3.4855836296346445,0.5871688358329133,-0.03954978821386568,True
46105,Shaquille Leonard,MLB,22,0.9090909090909091,8.318181818181818,0,1,82.38636363636364,5.6713187593309415,4.240787152001252,0.8181818181818182,0.75,5.120454658161529,4.876211732981898,4.2531661241024,1.7713662404471548,30.61758966623706,66.22529332458416,0.4248902886017383,59.31244731155678,1.762284041114842,2.0070876512918523,6.653867171504401,0.8359669924950847,0.0731239165958244,False
44911,Rasul Douglas,CB,65,0.6461538461538462,7.3076923076923075,3,3,82.53205128205127,3.8858626259826554,2.565613177288725,0.5076923076923077,0.3492063492063492,8.953538374258923,6.0144497308385825,5.303711409828603,2.9298769974016743,48.423790230961245,91.6909760646032,0.5820434026865683,47.39840638882045,20.47878380167204,3.0564866498078205,4.0127075067714735,0.6338473497706533,0.012306496383192922,True
54650,Christian Benford,CB,55,0.6363636363636364,7.418181818181818,2,2,82.99242424242425,4.296729949474688,2.9043209630770934,0.5272727272727272,0.35294117647058826,10.727272675254122,6.657745064669781,5.443310901314018,2.371418062002777,47.45054670292765,79.0707124505479,0.49448384197371303,54.531253564509626,7.97314136920898,3.094997035666266,4.0867830883491525,0.6868674903343842,-0.05050385397074786,True
46188,Kyzir White,ILB,38,0.7631578947368421,7.315789473684211,1,2,83.00438596491229,5.5261424029585395,3.285433265270952,0.7368421052631579,0.4,3.567631621109821,5.586853725299376,4.183215772883947,1.768508451065534,25.95729318192937,59.28943415382421,0.5943985953853772,45.30059242321549,-11.575039902536586,2.997557057913398,4.349941945228451,0.788672401166644,-0.02551450642980191,False
53542,Derrick Barnes,MLB,29,0.7586206896551724,7.758620689655173,0,1,83.26149425287356,5.681273057002235,4.063219546769478,0.8620689655172413,0.64,4.870345082776298,5.120561794944691,4.390036443112812,2.602705001387365,32.299203212166745,67.33550190543976,0.5946177037315773,48.52367586869559,18.60804945457908,2.5605724453309366,4.740671924958254,0.8043362214638077,-0.0457155318086353,False
44823,Marshon Lattimore,CB,31,0.5806451612903226,7.870967741935484,0,0,83.26612903225806,2.6004165037154303,2.5277999001100055,0.41935483870967744,0.2903225806451613,11.285161356772154,6.628732890870271,5.664211544878177,2.3795744781628927,57.74454139003213,93.96734890676017,0.5830608831324356,48.516477884895906,13.62102521183923,3.7241672698657253,4.039546456609931,0.610906397393664,-0.030261236103341416,True
42441,Steven Nelson,CB,59,0.6271186440677966,11.101694915254237,2,4,83.65112994350282,3.5421938837115743,2.451947415747373,0.5254237288135594,0.2711864406779661,16.221186516648643,6.827009000060383,4.8148163437148845,2.1563247986746563,43.55109211905799,70.25570746413163,0.59920005718476,45.389971828357574,-8.152481860765302,3.8735665674524395,3.9355161799164047,0.5823372003708952,0.0447814436969014,True
47913,Drue Tranquill,ILB,23,0.6521739130434783,6.565217391304348,0,0,83.78623188405797,4.843506514375034,3.043580917125072,0.6521739130434783,0.35,4.744348443072777,5.959627581556804,4.2392292058208465,2.3635785281311863,28.67677896303541,60.52013524157636,0.7659656218245049,32.49106122325664,-4.280968984167458,4.164190459165896,3.3129315859025126,0.7916657134770185,-0.13949180043354026,False
47862,David Long,CB,16,0.6875,5.875,0,0,83.85416666666666,3.3961670768386867,3.0847441171074164,0.4375,0.3125,11.66187518835067,7.097095461242389,5.414453442427411,3.0357135655343246,50.06604630893775,83.9076303871598,0.7700725951440579,33.39873475518108,-4.9280046720174235,4.685841691785229,3.506307099454688,0.6435767035388008,0.04392329646119919,True
44976,Matt Milano,OLB,17,0.8823529411764706,10.058823529411764,0,1,84.06862745098039,4.828408437556158,2.919575278019033,0.6470588235294118,0.4666666666666667,4.617058922262759,5.617876289494745,3.828674814675833,1.9397749587119628,30.57174664259429,56.18152930061084,0.4346288101520016,58.995858286637976,-2.8556817119620224,2.3112916525809166,4.671940927019849,0.8123856580448474,0.06996728313162315,False
56011,Jordan Howden,FS,18,0.6111111111111112,7.5,0,0,84.25925925925925,4.018222515395587,2.7220819631674718,0.5,0.375,10.68777818149988,6.7503186696433595,4.79943462513018,2.5751999730426003,33.56472435673276,46.921087357470626,0.49142938850914636,53.4933577098419,-21.963364582279077,2.71564310345089,5.4723830114172225,0.6565353255452149,-0.045424214434103716,True
53533,Brandon Stephens,CB,93,0.6344086021505376,6.419354838709677,2,1,84.38620071684588,3.43334117454216,2.2637633829136115,0.41935483870967744,0.24719101123595505,9.690214887742071,6.383086540963813,5.780775654397974,2.1982317845450607,52.23632425418406,91.65391281616581,0.44802953244557747,58.37990627984369,11.7532551205505,2.8626679822679697,4.264084851019519,0.6278515618574453,0.006557040293092342,True
47882,Mike Edwards,FS,15,0.6,7.866666666666666,0,0,84.86111111111111,4.226746700822014,2.614131911267348,0.6,0.46153846153846156,9.123333199818921,6.507626050024389,4.849512237222558,3.1132345471635663,39.23933423423021,73.35618574003162,0.7702963995611061,31.648368551930982,3.6837034595555167,4.25578817353939,3.5037394311988823,0.6519912503611976,-0.05199125036119767,True
53604,Jason Pinnock,FS,23,0.5652173913043478,9.434782608695652,1,1,84.87318840579711,3.8611818957498967,2.5816019081552746,0.6086956521739131,0.17391304347826086,10.113043453382431,6.7939009545367925,4.9426806747753425,2.2170597950629203,36.540943416082335,55.005658017973744,0.6374740416841741,44.24053698210208,12.63735689172281,4.27286689473981,4.502429530998607,0.6462076589268216,-0.08099026762247385,True
55897,Joey Porter Jr.,CB,53,0.5660377358490566,8.962264150943396,1,1,85.02358490566037,2.763622752154654,2.1273019422891344,0.32075471698113206,0.25,11.039811476221603,6.489290434790898,5.11644428323559,2.3869050664752933,48.16542441658318,70.4869014870915,0.6124602363321204,45.808402520230615,7.812399229236977,3.5719377653121733,3.752665929889206,0.59301298465387,-0.02697524880481339,True
46139,Fred Warner,MLB,53,0.7547169811320755,9.018867924528301,1,3,85.25943396226415,5.61127033992026,3.131051565484707,0.7169811320754716,0.4146341463414634,5.994339601048881,5.625821110704508,5.180200172874255,2.6512714450095194,42.78229262828846,87.74721469252444,0.591561077491069,46.499310688541165,14.268541571671648,3.0084463317326167,4.408633312898388,0.7504664678238095,0.00425051330826598,False
44904,Jourdan Lewis,CB,60,0.6666666666666666,7.366666666666666,2,2,85.55555555555556,3.3997065009637706,2.7284806653690397,0.5166666666666667,0.3050847457627119,7.871666371822363,6.6518331835895665,4.4894964546711185,2.1273850635771363,35.569434287447436,63.851487502021186,0.5544503550960844,48.17022054754996,2.4225328400501898,3.6489836551471106,4.319024207313852,0.684261494842855,-0.017594828176188404,True
43306,Keanu Neal,FS,25,0.68,6.52,0,0,85.91666666666667,5.421239199469784,3.0800476441391167,0.76,0.45454545454545453,4.861600112915007,6.6509411028754695,3.884285333644264,2.0016927505692323,30.353115745399563,47.93175784574518,0.7243928915410535,39.0820376841512,-12.216884497097016,4.371294989099778,3.8116644424678174,0.7767775503295813,-0.09677755032958124,True
54676,Quentin Lake,FS,44,0.6590909090909091,5.613636363636363,2,1,86.07954545454545,3.086599206587728,2.607161715169747,0.4318181818181818,0.3409090909090909,6.547727238048217,6.569634798644216,4.930442193587488,3.3869976843720417,31.41764325973556,65.44615759399329,0.6712671843194573,41.236944575700456,-8.736726580979136,3.650898001302376,3.6080511147295047,0.6787073137778373,-0.019616404686928268,True
53953,Jerry Jacobs,CB,65,0.6153846153846154,7.892307692307693,5,4,86.25000000000001,3.812874805289945,2.7209961807146086,0.5384615384615384,0.31746031746031744,11.549846098973203,6.738248251366228,5.3977341308046345,2.733024923489921,50.29298981313501,74.69422702592871,0.6959021607226445,40.16550041773734,12.687367674748995,4.310252665047762,3.498870421811406,0.6462448484899893,-0.03086023310537389,True
54607,Cobie Durant,CB,42,0.5238095238095238,7.880952380952381,1,0,86.5079365079365,4.0123609844367865,2.901661261525341,0.5714285714285714,0.45,10.071428526015527,6.409875658388087,5.182691321208556,2.191150666165811,41.04787785549335,60.334158006382424,0.5522580506974353,50.392338829725496,3.021095072661053,3.3193309540517064,4.692192279620829,0.7084883264257285,-0.18467880261620462,True
54618,Riq Woolen,CB,59,0.5932203389830508,6.033898305084746,3,1,86.54661016949152,3.298347578595816,2.2583655642219616,0.4576271186440678,0.23728813559322035,10.026270640098438,6.775706696558139,5.259018730152072,2.626320569355694,44.348884531153836,80.05272996196105,0.5931278827497766,47.10223794520747,-2.728851685426205,3.356718509232333,4.129406819753231,0.6155812178536009,-0.02236087887055005,True
46211,D.J. Reed,CB,67,0.5970149253731343,7.447761194029851,2,1,86.59825870646767,3.3046328811073424,2.7315680151871704,0.417910447761194,0.31343283582089554,10.882835701330388,6.621370342657594,5.076614330996127,2.1807068115567376,46.22182691052558,67.91678232482023,0.4882517594760722,54.64959510404079,0.5039083264623531,3.226750672270629,4.0050897368627005,0.5871327015572918,0.009882223815842472,True
46652,Chandon Sullivan,CB,32,0.65625,7.28125,0,0,87.109375,4.3367671752452495,2.5407661838874662,0.625,0.22580645161290322,6.378437280654909,5.651614173243004,4.597334840067627,2.3796207752871905,35.84607164326872,70.4036782019712,0.4593308327676681,54.88334482685856,12.156597864672381,2.8482547941369623,3.6801584080048735,0.7130349937325302,-0.05678499373253021,True
54600,Joshua Williams,CB,26,0.5,4.3076923076923075,2,0,87.33974358974358,2.797653947240193,2.928594036829163,0.38461538461538464,0.34615384615384615,10.96730835621173,6.594476100035779,4.851871791252751,1.6013929421067838,46.5288183603446,78.46808480614317,0.3641071956139777,62.13220401445865,-9.911217193892229,2.6668319490506542,4.896648614812821,0.6025733938984927,-0.10257339389849274,True
46968,Josh Woods,MLB,27,0.6666666666666666,4.925925925925926,2,1,87.42283950617283,5.278318517855335,3.4367694712351606,0.5555555555555556,0.36363636363636365,3.6140735061080345,5.647771709209025,4.23769177203897,2.0960679016847585,32.5353158411679,66.06527202969102,0.6554389186319209,40.98240553211575,14.631978070264935,3.5194023412970914,4.352905870482702,0.7706805554860546,-0.104013888819388,False
47956,Cole Holcomb,ILB,26,0.7692307692307693,9.0,0,1,87.66025641025642,4.739825116834289,4.03698445450039,0.7307692307692307,0.5652173913043478,5.715769364283636,5.140638071635943,5.412320924950192,2.0495569643248515,33.697656253268825,82.34553611425595,0.25135542833502184,71.05384294158856,20.555961755316325,1.347721852094437,5.125309753356616,0.8264267765007697,-0.057196007270000404,False
47891,Julian Love,SS,31,0.7096774193548387,10.709677419354838,2,3,87.76881720430109,4.368328700305927,2.9263174265585086,0.6129032258064516,0.32142857142857145,9.38516130755025,6.49276711700661,4.943508170276865,2.3529087787863143,35.800710209654184,59.51705747578495,0.5518471134051869,50.23543613301543,10.937261587329841,3.4638809478391304,3.591306941761088,0.7141922504701688,-0.00451483111533002,True
43641,Mike Hilton,CB,65,0.7384615384615385,7.3538461538461535,0,1,87.85256410256409,4.917224893203569,2.7422412380231447,0.6923076923076923,0.42857142857142855,7.545230469336878,6.0394249642478925,4.136464831032347,2.2366627553165803,30.70816985913192,57.93037524588716,0.6154624536436927,44.721286063846186,-1.9031468037220562,3.533410450520285,3.9787919604507525,0.7275788327341427,0.010882705727395803,True
46077,Roquan Smith,MLB,68,0.7794117647058824,7.294117647058823,2,3,88.48039215686273,5.240505641333448,3.096476171455577,0.6470588235294118,0.3559322033898305,5.543382378185504,5.2245791843010485,4.2746464697377125,2.307783660750084,35.91109029899476,74.31263614283402,0.6853067651173954,38.11594541292769,7.457525437295853,3.126300523917878,3.987838171978835,0.7247411550440328,0.054670609661849556,False
52435,Jordyn Brooks,ILB,56,0.8214285714285714,7.053571428571429,0,1,88.61607142857143,5.1616226518542145,3.643923195863305,0.7142857142857143,0.4897959183673469,4.12142835344588,5.461455050656418,4.393173461240829,2.2605501697626624,27.658855365064298,61.63063192036134,0.3890544453078027,62.489595367871246,4.654936234847114,1.9372699243799425,4.448957201583008,0.77603647592138,0.045392095507191366,False
54500,Roger McCreary,CB,60,0.6833333333333333,7.133333333333334,0,0,88.75,3.7576836454271354,2.6353940579679804,0.45,0.3275862068965517,9.469833377997073,6.776472120786238,5.016297347846463,2.37433479652872,36.97389510695931,61.21113172754385,0.5805877219704655,47.72797277434611,1.3178127453253596,3.598111085595273,4.2274407106520515,0.6633139700821004,0.02001936325123299,True
38540,Stephon Gilmore,CB,71,0.5633802816901409,8.971830985915492,3,2,88.76173708920189,3.056771172459541,2.399951311483617,0.4225352112676056,0.2571428571428571,10.302253535096083,6.85196558361137,5.078722698883961,2.3013974020558323,39.39943558257108,65.54875597364911,0.6454970912582687,43.27204599133574,-0.09350774928685023,4.107745792894712,3.692847625660176,0.6241171878962851,-0.06073690620614425,True
54546,Cordale Flott,CB,54,0.6296296296296297,7.574074074074074,3,2,89.19753086419753,4.006084456206685,3.2723097585787193,0.5185185185185185,0.40384615384615385,8.349259447168427,7.055854928173211,4.734120893933411,2.303432063677907,33.812427535780266,46.56147167766735,0.5599714105040651,49.801619583616905,-9.844096339368136,3.5173419116862674,5.140270241565372,0.6845407746727789,-0.0549111450431492,True
54554,Terrel Bernard,MLB,51,0.7254901960784313,7.254901960784314,2,2,89.50163398692811,5.323250128102327,3.670640627602081,0.7647058823529411,0.46511627906976744,5.940588296628469,5.092246590296465,4.289616610785495,1.839832406772378,38.35733334316707,79.95279197798978,0.47047024389845205,56.07785837803798,21.411175435002505,2.421480386385744,4.788309030242294,0.7663877031192358,-0.040897507040804415,False
46700,Tre Herndon,CB,46,0.6956521739130435,7.956521739130435,2,2,89.58333333333334,5.229334568938126,3.049633341858499,0.5652173913043478,0.375,7.5363042872884805,6.121836425292558,5.185704255120668,2.4894597159657783,47.941657165222445,88.54780983831633,0.520332675189532,49.84722067463515,22.75980487702069,3.10012903989598,4.1452163287417765,0.7107468612200275,-0.015094687306984045,True
53438,Pat Surtain II,CB,76,0.631578947368421,7.75,2,1,90.29605263157893,3.1898229505493045,1.9844124605244846,0.42105263157894735,0.16216216216216217,10.605263018294375,6.789739608373681,4.657228519487925,2.474804991532763,40.33209366184229,64.94546605638276,0.6366075434961361,43.81935991147224,-7.605100198236939,4.0163325916131996,3.490869341454679,0.6146012886952289,0.01697765867319212,True
43497,Kamu Grugier-Hill,ILB,17,0.8235294117647058,5.705882352941177,0,0,90.44117647058823,5.427017571969292,3.375429114869339,0.7647058823529411,0.5,3.439412173102889,6.4951877837339635,3.798845092751949,2.1347099453468594,18.392061786451897,29.366613074704883,0.5265350096278621,53.78639323752217,-22.178433348481015,2.8324700521742994,4.294838295967136,0.7699537716642582,0.053575640100447686,False
44902,Shaquill Griffin,CB,40,0.65,8.25,0,0,90.625,3.538463170088202,2.525877828900534,0.475,0.2564102564102564,9.479249954223643,6.145712746677805,5.996019523533492,2.787654072228839,62.244751126825086,115.08634357326679,0.52195386745959,52.04733759841925,20.812130147699513,2.7477343835472023,3.889694946916473,0.6272666291358983,0.022733370864101765,True
55888,Deonte Banks,CB,80,0.5625,7.05,3,0,90.83333333333333,3.3667428232171845,2.5651849535913387,0.425,0.27848101265822783,9.972124853730202,6.608274545744102,5.192994617706394,2.7493350693321874,46.06500921881481,75.6330914352725,0.6224394584995865,45.00033677316286,-0.19729289175663065,3.6677023766388834,3.8528630738971446,0.6245249789593846,-0.062024978959384636,True
47941,Mike Jackson,CB,27,0.6296296296296297,8.74074074074074,0,0,90.97222222222223,3.3447856472106348,2.4907089140667984,0.5185185185185185,0.2962962962962963,10.01888875608092,6.094407417711425,5.835765635324223,3.1641971153365707,62.69402905406665,105.07022264566403,0.7050232246154706,40.671875010329856,27.26547164199896,3.572090666572571,4.162438223537833,0.6239281883123725,0.005701441317257139,True
47793,Devin Bush,MLB,16,0.8125,5.875,0,0,91.14583333333334,4.509013920625746,3.802203863264573,0.75,0.625,3.9062501192092878,5.200379380724631,4.4405838372430475,1.6442200182298998,25.290237218766908,50.234910468283,0.1738268015055669,75.73780265757358,9.954286708194559,1.0010291978066113,5.956869770806831,0.7201488828602853,0.09235111713971467,False
52424,A.J. Terrell,CB,74,0.581081081081081,7.324324324324325,6,3,91.15990990990991,3.017335020821306,2.1926435102310533,0.35135135135135137,0.23943661971830985,10.537432309743538,6.713969752121951,4.228432759978197,1.7400141390418151,32.19033630910595,55.65237609770882,0.5472301286085034,49.268845869663295,-8.485271169849897,3.7147384636912344,3.977939642981866,0.6035051999132558,-0.022424118832174766,True
46269,Foye Oluokun,OLB,70,0.7857142857142857,6.2,1,1,91.3095238095238,6.204642162764923,3.829667578281961,0.8,0.5272727272727272,3.464428806304934,5.312097791235823,3.996881779679181,2.44111138868496,27.427422882122542,52.59870224781866,0.5932743157765364,44.33802740185872,5.8377717581185085,2.8731897819509262,5.38008249624909,0.803430641254086,-0.017716355539800333,False
43299,Eli Apple,CB,52,0.6153846153846154,8.51923076923077,3,2,92.0673076923077,2.7993392836472557,1.9990929779787359,0.38461538461538464,0.17307692307692307,11.960576791029697,6.323695047419731,4.605374602542975,2.7824475392607164,34.0478065552848,58.849483845161636,0.7164126579436567,34.628007723215674,-1.313819435490911,4.106368413492648,3.1573143264532892,0.5943676544684584,0.021016960916157013,True
55149,Markquese Bell,SS,47,0.6382978723404256,5.9361702127659575,3,1,92.42021276595743,4.8458174488323165,3.4980795282529407,0.6382978723404256,0.5238095238095238,4.571276603861072,6.108684672694482,4.518938236488952,1.9169332810933013,27.52559418983831,58.098641220469666,0.5012677033628359,52.70937134923442,1.630321281883652,3.002835321153513,4.305590595836415,0.7287368120518483,-0.0904389397114227,True
47788,Devin White,OLB,44,0.7272727272727273,7.590909090909091,1,1,92.42424242424242,4.767859726854673,4.1817783023797555,0.7954545454545454,0.5714285714285714,5.1113638227636224,5.463545945340174,4.406760218220094,2.240035919593173,30.71770475277718,63.95897547825895,0.5633204349693711,50.11571638293068,16.022152196455863,2.9874118987867364,5.054423532472088,0.7781053028272453,-0.050832575554518034,False
55910,Brian Branch,SS,68,0.6470588235294118,8.176470588235293,3,2,92.52450980392156,4.040004901692469,2.7908349224209337,0.5147058823529411,0.375,8.462794416091008,6.195653412426268,5.376331270970165,2.3288586640455096,45.13743679198755,91.05576198321164,0.4800728161611167,54.30172399060128,3.909614791486104,2.8815064963471837,5.140701615186494,0.6714602872601468,-0.02440146373073504,True
52452,Grant Delpit,SS,26,0.7692307692307693,7.115384615384615,1,1,92.62820512820512,5.444976291795876,3.3521848428848955,0.7307692307692307,0.5416666666666666,5.279615622300349,6.463139758793151,3.9429473961367933,1.918052921301708,27.252697421818194,44.85877951674822,0.6698896132900634,41.20336659753315,0.03524130595974384,4.03823682712195,4.388393792077503,0.7743671690229033,-0.005136399792133983,True
54701,Deane Leonard,CB,25,0.6,6.68,1,0,93.25,4.2109640420832015,2.740296995761558,0.48,0.25,12.38720020294191,7.111218746367915,6.221689393316321,3.2444036409337103,35.21994526570959,58.31899552695564,0.7198695697381976,35.23688745329684,-13.176706324658817,4.608865743999978,3.8956455341067477,0.6481407334146516,-0.04814073341465164,True
43341,Deion Jones,ILB,24,0.625,6.166666666666667,1,0,93.75,4.330406828740203,2.75327524390535,0.5833333333333334,0.4090909090909091,4.7800002098083505,5.6376761734889955,4.601596353355195,2.9330732403393776,34.148591782494194,75.35082441532043,0.4494499056271676,55.08500578454286,-5.907332360937958,2.0542407478262223,3.8311867869570566,0.7437695612849823,-0.11876956128498228,False
46085,Tremaine Edmunds,MLB,55,0.7818181818181819,7.236363636363636,2,2,93.78787878787878,5.1932584453579045,3.2763478772347443,0.8,0.5416666666666666,5.204000039534144,5.095373180496811,4.408136687930267,2.3053786001379435,34.90043190878941,75.19677129380293,0.6074070771766312,43.653849840475715,21.170328520306047,2.90746551050617,4.693854262923839,0.7826872148622489,-0.0008690330440670468,False
54468,Derek Stingley Jr.,CB,26,0.5769230769230769,9.0,3,2,94.0705128205128,2.91676215875359,1.7074044553963634,0.2692307692307692,0.23076923076923078,18.516923097463774,7.142823435368708,5.015102605517228,2.2845978417457746,44.154726229511155,64.72926541431663,0.7646255112824945,34.19914457922096,-21.65030298795604,4.9186863669919685,3.071296365188987,0.5546178364074471,0.022305240515629765,True
54562,Kerby Joseph,FS,22,0.5454545454545454,7.545454545454546,1,0,94.12878787878788,3.2271459332599957,2.6767194658044566,0.4090909090909091,0.42857142857142855,14.811363567005522,7.371184316889404,4.413864720044066,2.161218273764498,36.23876125343315,53.93701711786933,0.7574465927454722,32.40411974235401,-10.325647191802691,5.354450547683306,3.5623331636908997,0.5842770911850769,-0.038822545730531455,True
53472,Tre'von Moehrig,SS,21,0.5238095238095238,4.0476190476190474,2,0,94.34523809523809,5.9335575516745385,2.030276562361341,0.7142857142857143,0.23529411764705882,10.990951447259823,6.485652705819589,4.306255085422342,1.8136997077520247,32.90420976769028,44.64128460555101,0.7970366337281974,30.417267322549137,-10.744341916540474,4.593066129290455,4.760417444242886,0.650723852634453,-0.12691432882492915,True
55175,Nate Landman,ILB,46,0.7608695652173914,7.434782608695652,1,1,94.65579710144928,5.284840219086237,3.5438752546783676,0.6956521739130435,0.43243243243243246,2.548260232676659,5.429678806864101,4.0634842729213245,2.389703938425213,29.133332363028234,55.62117429521204,0.6334545591812787,45.14562305073593,5.135505697370072,2.8840712665410466,4.005066483380387,0.774435355597815,-0.013565790380423604,False
54514,Alontae Taylor,CB,96,0.6666666666666666,8.510416666666666,3,2,94.83506944444446,3.8454289076056334,3.0038225066818294,0.5104166666666666,0.39361702127659576,8.851562197009715,6.9627552212559625,4.653067868649932,2.606381733922494,34.661958630876555,53.581203255871735,0.661383206086845,40.30242793208158,-3.2897583029397963,4.28844502382606,4.208068634597512,0.6868954554051528,-0.020228788738486214,True
53455,Greg Newsome II,CB,61,0.5901639344262295,7.836065573770492,2,0,94.84289617486338,4.967518112760596,2.874698356583383,0.5573770491803278,0.2962962962962963,7.895737538572214,6.55706446307749,5.055215806512699,2.8545346097978257,35.499810034854015,68.61339385974246,0.6497179203924474,42.945951829701144,0.7383643723504022,3.6434052356859903,4.333338414523049,0.6960751350199869,-0.10591120059375736,True
56527,Ivan Pace Jr.,ILB,34,0.9117647058823529,6.764705882352941,0,0,94.8529411764706,7.549735466784403,4.140075200886448,0.7941176470588235,0.6,1.6164710661944173,5.122965200311471,4.676386235361748,3.042423882127623,31.57910368908443,70.70439048633537,0.7233996903549539,35.749461263631666,14.248094838426994,3.035287187375199,4.289129129928142,0.8422313706309804,0.06953333525137251,False
44830,Adoree' Jackson,CB,61,0.6721311475409836,9.180327868852459,1,1,94.97950819672131,4.523897551154151,2.5936533577028613,0.7213114754098361,0.3448275862068966,8.039999672623937,6.164972892989422,5.033669975513627,3.1163599526499355,41.95037501865983,84.18608389934928,0.7071162707362881,38.87415843061221,9.275113300941983,3.647803418743469,3.7279520614122874,0.6821349569486956,-0.010003809407712061,True
54980,Dallis Flowers,CB,16,0.5625,6.0625,1,0,95.05208333333334,3.2213956990980757,2.4663735624405208,0.4375,0.25,10.826250433921782,6.035527910737484,6.237051297302049,2.4713709305343965,67.3272823910893,124.72300935839512,0.4616700757465532,57.81293652145389,35.214570638621105,2.8122577839251144,3.92734810329605,0.6101509441364005,-0.047650944136400475,True
46212,Ja'Whaun Bentley,ILB,40,0.85,9.325,0,1,95.10416666666667,5.2032766440681515,2.8743444223460295,0.725,0.2903225806451613,5.846749544143677,6.0026457765702945,4.731410391128609,2.7574152772300278,29.414681140847577,79.71945837469973,0.6707675214733306,40.17352818464383,8.684547742488757,3.458700435716401,3.941991380173728,0.781849164101011,0.06815083589898896,False
54568,Leo Chenal,OLB,19,0.8421052631578947,6.842105263157895,0,0,95.17543859649122,5.177272537246752,3.747949513149628,0.6842105263157895,0.5294117647058824,2.905263097662663,5.604641603680076,5.377601819840533,2.6620406628054867,58.404620976494215,108.22815379056452,0.5314675969479696,53.9616882360819,30.643978668166802,2.7013699978343726,4.980635252600885,0.8208605619238785,0.021244701234016228,False
47872,Bobby Okereke,ILB,52,0.7692307692307693,6.961538461538462,5,4,95.1923076923077,6.659127062027971,4.063803617879596,0.8076923076923077,0.525,3.9530766606331014,5.201916274692181,4.1228886570047765,2.4586850267572253,31.028940157135807,60.92149617109751,0.5080673048665552,52.15197584650233,-0.41860891668827094,2.3279955113349,4.689068067196092,0.7749797927410065,-0.005749023510237206,False
42361,Marcus Peters,CB,53,0.7547169811320755,8.39622641509434,3,3,95.2437106918239,4.868854031541149,3.410457270621957,0.7358490566037735,0.46938775510204084,8.11320722328043,5.760298423361772,5.133689535717297,2.633963471126743,47.749858005739846,82.3903459959618,0.5851483206838773,49.453112879362514,9.035990786124593,2.8614744360014206,5.10795436993887,0.7382250464688549,0.01649193466322063,True
46097,Terrell Edmunds,FS,16,0.75,7.375,0,0,95.3125,4.360788765419459,3.3466225988271288,0.75,0.4375,6.069999217987069,5.83736398642093,5.167255431907626,3.102014737044884,44.019921285021034,80.37446330652989,0.431609954392321,60.40795822826335,20.968841535990084,2.365970439531,5.06893076737999,0.7259780959938198,0.024021904006180206,True
55881,Christian Gonzalez,CB,21,0.7142857142857143,8.095238095238095,0,0,95.33730158730158,3.675002344822479,3.1573950627280207,0.5238095238095238,0.38095238095238093,10.017618610745401,6.8235251608199246,5.8929156992883005,3.1358633727149146,50.747285025428674,92.24267083864777,0.5942112994149104,47.82739074342716,8.688921403168099,3.5051646110506303,3.9421232792993393,0.6629550620471388,0.05133065223857547,True
44903,John Johnson,SS,15,0.6,5.066666666666666,1,0,95.41666666666666,4.020777629445948,2.320150889633632,0.6,0.21428571428571427,12.33533312479658,6.514919591923269,4.8212886969749595,3.311156980200018,37.034643490668074,62.32901648052119,0.7720865858793327,33.47794013584766,4.241394475978884,4.213740684567958,3.2371221318171397,0.6250394214941413,-0.02503942149414129,True
53437,Jaycee Horn,CB,31,0.6774193548387096,6.290322580645161,1,0,95.49731182795699,4.202930627912599,2.600252248153409,0.6451612903225806,0.27586206896551724,8.131935611847906,6.517603859703009,5.148425911709843,2.8200984635614095,41.587136602725906,71.05602560935951,0.5633858240796729,51.06351336675345,10.585538837726189,3.1078131530244444,4.435971731906994,0.7184205851228265,-0.04100123028411684,True
42816,Troy Hill,CB,49,0.6122448979591837,7.755102040816326,4,2,95.62074829931973,4.886919778054012,2.9883067517459607,0.673469387755102,0.4444444444444444,8.05224480920908,5.751036248189188,4.793665318942586,2.498723278390855,43.27968405531593,78.25489318720014,0.5786846417003944,45.84101727937537,11.688387188393934,3.1885688135044004,4.62045470020768,0.6817942590213951,-0.06954936106221143,True
53554,Camryn Bynum,FS,37,0.7027027027027027,6.378378378378378,1,0,96.22747747747748,5.727373098079498,3.7040547865436,0.8378378378378378,0.5,7.088108565356269,5.952271573127728,5.310098430534925,2.545620863004374,44.438017276584596,73.431662673862,0.6297513886423121,43.25176686780727,15.956332472961398,3.3594371031171537,4.580162248927509,0.7709621997900885,-0.06825949708738577,True
54718,Russ Yeast,FS,26,0.7307692307692307,8.076923076923077,0,0,96.63461538461539,4.482629553684208,3.314324316783631,0.6538461538461539,0.5,6.369230930621798,5.627554058086731,4.596038716831238,2.2176065873324755,39.10147930547296,69.06614223347597,0.6029569014486115,47.44867778471179,11.059361596498707,3.1588445327418744,3.8871363214143977,0.7247495393947602,0.006019691374470559,True
54540,Christian Harris,OLB,56,0.7142857142857143,7.053571428571429,1,0,96.94940476190477,4.895492502333478,3.7493669737138595,0.6964285714285714,0.6041666666666666,3.5103573458535324,6.051732630442651,4.384525881470416,2.385681012933546,29.947018027589042,53.857943604789604,0.4461778912958318,58.69466676096395,2.373374032915937,2.2883213056604594,5.3620224738571665,0.7818555700530424,-0.0675698557673281,False
43522,Jalen Mills,CB,26,0.6153846153846154,7.384615384615385,1,0,96.9551282051282,4.725406366981391,3.670927659806492,0.5384615384615384,0.5454545454545454,8.075384580172033,6.116135798149276,4.3300699923285375,1.2892138705789207,36.307153312599226,61.250818613685055,0.47449818315622067,54.14099201500028,0.5820050397229625,3.0977723611263315,5.330311914042896,0.6622511447830656,-0.04686652939845015,True
46124,Donte Jackson,CB,52,0.5961538461538461,7.826923076923077,2,0,97.19551282051282,3.29234770450756,2.2913221228843885,0.4230769230769231,0.2549019607843137,12.399422828967733,6.276760601975227,5.502313932522022,2.9699430075015716,44.510909348064736,83.11589585551485,0.5854590486250575,46.5932092653869,10.760291121403787,3.4868539216852423,3.82466508287012,0.6000058720090073,-0.0038520258551612008,True
54969,Ja'Quan McMillian,CB,62,0.5483870967741935,6.129032258064516,7,2,97.51344086021504,3.6819029079463443,3.1361174058194194,0.5,0.39344262295081966,8.330161029292706,6.315874962386765,4.959715197730415,2.724772951233224,34.13575800250772,61.11257686787721,0.6502835977539662,42.847268938664946,-1.864357044851665,3.563559721047738,4.715963070318254,0.6219823404976602,-0.07359524372346671,True
48268,Azeez Al-Shaair,MLB,59,0.7966101694915254,7.745762711864407,1,1,97.52824858757062,5.27731630410658,3.5543755928487766,0.6610169491525424,0.5576923076923077,5.989660844964506,5.676713514253727,4.552315152796264,2.4353504619877806,34.65847303774979,66.84541420075139,0.582526405254781,47.1437679014429,5.518414483234704,2.7741068825099866,4.755241398642067,0.7525731951690329,0.04403697432249254,False
54469,Sauce Gardner,CB,52,0.6153846153846154,6.038461538461538,3,0,97.75641025641026,3.8969457103206255,2.7570986490505187,0.5192307692307693,0.34,8.690961177532476,6.20553116728296,5.2364830367771455,2.4336645408428583,38.72650764406724,68.05197669490975,0.4777504052592008,53.565176928240746,5.466179986412831,3.088507017752749,4.078190468078718,0.6495044635444025,-0.03411984815978708,True
45287,Kenny Moore II,CB,75,0.7866666666666666,8.013333333333334,2,2,97.83333333333334,5.154809436048299,3.3985708082553656,0.7733333333333333,0.5294117647058824,6.46639940897624,5.858768624625709,4.872423646671728,2.230784198631822,39.93968269055029,77.30193982533882,0.5339107526629709,50.463208990081256,13.99150286680045,2.9371308048864666,4.7686650699292805,0.7730552467820967,0.01361141988456993,True
46132,Carlton Davis III,CB,60,0.6166666666666667,10.35,4,3,97.98611111111111,3.709336534385673,2.6208536605165578,0.4166666666666667,0.288135593220339,11.717333432038611,6.069443245140517,5.054096096148567,2.4393140590667786,54.58185735088708,85.7063574845116,0.565538158700893,48.49123084384838,0.955101941977672,3.13439810506084,4.156834904986199,0.6284866280503836,-0.011819961383716882,True
47817,Rock Ya-Sin,CB,22,0.5909090909090909,8.5,2,1,98.10606060606061,2.8606621376732417,1.805612739616043,0.2727272727272727,0.14285714285714285,12.1859089677984,7.072120639036021,4.58985130774563,1.6142667591068676,49.20353943104944,82.94398906790272,0.6287679030430333,42.7275991665853,-2.9348107559551004,4.274146143729121,3.659562889360641,0.5528078455591651,0.03810124534992587,True
52844,Christian Rozeboom,ILB,43,0.8372093023255814,6.651162790697675,3,2,98.25581395348837,5.531388717467409,2.9430207974714246,0.6511627906976745,0.375,2.996046044105691,6.223848747622137,4.705634979748858,3.2867418296905324,34.56226951636422,66.69337823975141,0.7652590520770786,35.07050582277401,-1.9552898816749087,3.920498915559867,3.5837212276688355,0.8075426591339061,0.029666643191675335,False
52525,D.J. Wonnum,OLB,15,0.9333333333333333,7.6,0,0,98.33333333333334,6.432811224538855,5.1253973329282205,0.8,0.8333333333333334,1.4726666768391927,4.5623644493663145,5.201344397610968,2.930958537252668,53.833668739597265,109.74463917872701,0.6441777607977015,44.07230035474408,27.399001119257395,2.0403823621583324,5.355318569227079,0.7882174928095608,0.14511584052377258,False
55184,Jack Gibbens,ILB,20,0.7,9.15,0,0,98.54166666666666,4.6990494516763635,3.076410749630116,0.45,0.3888888888888889,6.896500158309941,6.071064902006445,4.521626303745248,2.263534733437766,37.163060089214504,62.92418993332728,0.7318073970446837,36.77081589785085,20.054233887618032,3.954173908872131,3.888815855981999,0.6612921510800629,0.03870784891993706,False
55869,Devon Witherspoon,CB,67,0.6268656716417911,7.358208955223881,4,1,98.6629353233831,4.529019410051248,3.0248881070492435,0.5970149253731343,0.3709677419354839,7.528059596446029,6.321060337479444,5.293866909998449,2.3796936628301646,51.38468990052061,83.7734888313404,0.5917900204847424,47.72688043904311,4.370067592906262,3.477279287792265,3.8893514006067336,0.6809106629297613,-0.054044991287970245,True
55909,Julius Brents,CB,48,0.6875,10.270833333333334,2,2,98.69791666666666,3.4822204602773197,2.6981431856589753,0.4791666666666667,0.32608695652173914,11.918125271797175,6.396658541931032,5.531608556199842,2.5605676254482,52.886846817400816,76.01793760530725,0.63814804297241,44.56027381174214,5.571118928249098,3.363460141481334,3.832218369051838,0.6313779458333243,0.056122054166675706,True
47855,Germaine Pratt,OLB,59,0.7288135593220338,7.627118644067797,2,1,98.83474576271186,5.3763359676601805,3.5364971361697313,0.711864406779661,0.56,5.003390296030843,5.633466272941533,4.365336958359067,2.643526649663802,30.202327685636515,63.69258558579755,0.6785988924848221,39.12641232282186,13.8572697951658,3.3824885058382406,4.364358303597402,0.766182306834088,-0.0373687475120541,False
53883,Dicaprio Bootle,CB,15,0.7333333333333333,8.6,0,0,99.02777777777777,5.267939398223396,2.5910647077226643,0.8,0.5,8.996666685740154,5.619778104496608,6.393391073797381,3.9428453311987797,56.70037730954444,112.57791466925815,0.667636301029246,43.38388360589539,49.627407142840944,3.0040551637910697,3.1655629903026155,0.6764669021803198,0.056866431153013486,True
53596,Nate Hobbs,CB,73,0.6986301369863014,7.383561643835616,3,1,99.05821917808218,5.141112791723322,3.477938842679174,0.5753424657534246,0.5,6.088493503936336,6.173045303090553,4.662705724888824,2.485908255178666,32.57468773692315,56.62037923336553,0.5646615641578372,48.903356595143144,-1.9176766018493823,3.189385097858617,5.05747774716893,0.7477093262783168,-0.04907918929201538,True
45004,Xavier Woods,FS,17,0.8235294117647058,7.9411764705882355,0,0,99.75490196078431,4.843956116366655,2.1408468729710832,0.8823529411764706,0.29411764705882354,5.477059308220341,5.526336336218355,4.368952875548657,2.8520299897243615,28.46769412875571,59.49751855940266,0.6301872390650526,41.81511972909976,-6.786353539947678,2.899422073458169,4.749610058451116,0.7828167233220026,0.04071268844270326,True
42388,Eric Kendricks,ILB,59,0.8135593220338984,9.64406779661017,0,1,99.78813559322035,5.073104488311103,4.169928496142866,0.6271186440677966,0.5918367346938775,3.883050627627614,5.302296437200865,4.475993308543556,1.9476260059839279,30.567436636711747,60.705374276766634,0.34774232705519903,65.46755988374244,3.9858514081063086,1.9561354403431397,4.661105471077838,0.7953943423961994,0.01816497963769892,False
52272,Dee Alford,CB,45,0.6,7.933333333333334,2,0,99.9537037037037,2.602041242712412,1.8907623040038428,0.26666666666666666,0.20454545454545456,11.404444339540259,6.778966223532719,5.38599068467906,2.691213815864364,37.19385014790356,59.07171024487539,0.6264441029554644,44.52657077857806,-4.3578645367512285,3.8300454735108023,4.097647374498619,0.5679119603816264,0.03208803961837359,True
53509,Divine Deablo,ILB,55,0.8,7.0181818181818185,2,1,100.45454545454547,5.790918650183326,4.041143943243138,0.7272727272727273,0.5952380952380952,3.65018144087359,5.099904392823474,4.411855142598952,2.4201654080378003,41.05206150839255,83.82429829105037,0.46879024956943155,56.48814424610986,12.438785723110035,2.012353043029639,4.808972517957333,0.8049824988667436,-0.004982498866743512,False
46527,Frankie Luvu,OLB,32,0.75,8.625,0,0,100.52083333333333,5.561694062416008,3.371160164238201,0.8125,0.48148148148148145,4.787187695503222,5.980937529772582,4.320826094498314,2.3054356209314246,24.86734582910767,48.2596701402888,0.6087234066868912,42.75838488570364,-5.208950844371803,3.0841703368319844,3.8259739819882927,0.776084728733462,-0.026084728733462015,False
54641,Damone Clark,OLB,25,0.68,6.84,1,0,100.58333333333334,5.44749448377695,3.1796348486852937,0.68,0.5,5.082000083923335,6.089102396220041,4.24289358022092,1.8859840830535122,34.36102057606528,72.81632606107034,0.5016445302131591,53.88781929556096,-9.03975413459815,2.6733093566241894,4.366298863566326,0.7599014691124778,-0.07990146911247775,False
56540,Christian Izien,SS,58,0.7413793103448276,8.137931034482758,3,2,100.64655172413795,4.7231831531072865,4.209868328148327,0.6724137931034483,0.5714285714285714,6.998620567650637,6.0107558024633745,4.984680216335867,2.502154847346309,47.256025666898175,76.63632807102194,0.556168463384274,50.37491464534742,12.362391382461196,2.6848381286021383,6.176937720588235,0.7550336674076755,-0.0136543570628479,True
38607,Demario Davis,MLB,44,0.6818181818181818,6.863636363636363,3,1,100.75757575757575,4.453451475900935,3.473014629796224,0.6818181818181818,0.4634146341463415,6.865681973370662,5.88067463599628,4.029758472180378,2.105119881265273,22.2480800233734,42.45128752187943,0.4600037601729036,55.32685574572813,-2.307122742028287,2.6409695292566617,4.733625145416817,0.7350607126113111,-0.05324253079312935,False
42929,Alex Singleton,ILB,84,0.7738095238095238,7.5,2,1,100.79365079365078,6.490207640107754,3.638997597191174,0.7261904761904762,0.4603174603174603,3.229761963798881,5.67264783812862,4.695009977355614,2.9454858426190076,34.99996848103163,73.28383517589272,0.6599087604333621,41.03662789862059,18.653952038470205,3.348554752433113,4.664009518006707,0.8035111035758395,-0.02970157976631571,False
53503,Benjamin St-Juste,CB,97,0.6597938144329897,9.092783505154639,3,1,100.96649484536083,3.2334239092295034,2.660355502364258,0.4020618556701031,0.2736842105263158,11.062061840725924,6.737198841132427,5.027515491747309,2.8077684198057247,39.29960410923002,65.32514917804681,0.6452922231084478,42.66807693845385,-0.2218737698984373,3.8553618618257937,3.4881265532288377,0.6578309179200563,0.001962896512933354,True
55882,Jack Campbell,MLB,37,0.8108108108108109,9.324324324324325,2,2,101.01351351351352,4.970420152651908,3.724633166587185,0.7567567567567568,0.5882352941176471,7.70000029898977,5.88747960539237,4.3349186418661425,2.721993230198483,27.892173510957512,51.94146004521926,0.7666464122322791,32.11475092915285,-1.8140527051648552,3.7750450154308126,4.671456464943152,0.7602875728368799,0.05052323797393099,False
56081,Dee Winters,OLB,17,0.7647058823529411,8.470588235294118,0,0,101.10294117647058,6.1677871435300355,5.051759719130401,0.7058823529411765,0.6666666666666666,5.794117647058823,5.72495939296987,4.3014100617670925,3.2348469841560163,33.2713318003867,59.89915790905017,0.7801531120143325,30.612136359506945,5.39916357585496,3.77213550605079,5.541017135768232,0.8317560448551057,-0.06705016250216456,False
53489,Pete Werner,ILB,48,0.8333333333333334,7.020833333333333,2,1,101.12847222222221,5.685174432707773,3.251857643839136,0.7291666666666666,0.4146341463414634,4.055833478768652,5.686630428723976,4.209662693539112,2.2367859861698887,33.598391206666804,67.73436093658434,0.4971509208018843,55.31018999891536,9.525714409693668,2.439157032849004,4.78790964102283,0.8264154598570945,0.006917873476238845,False
52416,Isaiah Simmons,MLB,24,0.8333333333333334,8.375,0,0,101.5625,6.615717436521691,4.246138895107827,0.8333333333333334,0.65,3.867916107177743,5.770343724443674,4.746331841198041,2.1590996838372276,43.29279463843052,69.12312610903267,0.3374221040874467,67.43272824660136,1.1933563889352286,1.7643883145449892,5.2866267789177455,0.8103744893598365,0.0229588439734969,False
46304,Zaire Franklin,MLB,69,0.7536231884057971,9.101449275362318,1,1,101.60024154589374,5.4880641433867465,3.0707036951139677,0.7101449275362319,0.4406779661016949,6.331304285837256,5.236149929781961,5.010439203372518,2.907967687331295,36.54872954429768,83.35350697312246,0.5988331213032216,45.857632712807195,14.135184151456489,2.7309357485503782,4.316579961527856,0.7864400325080525,-0.03281684410225538,False
42427,Jordan Hicks,ILB,35,0.7714285714285715,6.314285714285714,1,0,102.20238095238095,5.946081075470849,3.409037086464988,0.7714285714285715,0.6071428571428571,4.311142703465061,5.180493743524538,4.770656418080243,2.42314393204958,37.7455790809554,74.93391180307377,0.5018672009083931,54.228014280640984,24.31754352268472,2.4442401583285718,4.474288783018473,0.8137763912186519,-0.0423478197900804,False
47816,Byron Murphy,CB,72,0.7083333333333334,9.63888888888889,4,3,102.43055555555556,4.470325597204572,2.8208097047717158,0.6805555555555556,0.34782608695652173,11.385555558734486,6.1672795230128274,5.22682713678439,2.6724806853665837,48.84766231414402,86.6509373578288,0.5057234114409654,52.86501416883823,11.185929311770026,2.6827297032962387,4.916527574020705,0.6917868336524319,0.016546499680901494,True
54548,Nakobe Dean,ILB,17,0.9411764705882353,8.588235294117647,0,0,102.45098039215685,6.533411468633174,3.211710254709176,0.7058823529411765,0.5454545454545454,4.10646999583527,6.050213579520948,4.85289209985501,3.491277571797849,18.09341337951024,32.84935608104092,0.7476953721118546,34.908703051244245,3.5523552661923814,3.4587358275625153,4.0104158337646405,0.8140279794045033,0.12714849118373195,False
54486,Trent McDuffie,CB,59,0.6101694915254238,8.169491525423728,4,1,102.50706214689266,3.158821920229443,2.2263077276193455,0.3559322033898305,0.2982456140350877,10.261525196544204,6.573694194053046,5.281302181664029,2.2233766052400865,45.2203238159935,77.06975075371452,0.6369551691608563,43.34183396563328,0.1216916305016764,3.924741627916588,3.8775134386327736,0.6344847466346929,-0.02431525510926913,True
55969,Jakorian Bennett,CB,30,0.6666666666666666,8.166666666666666,1,0,102.77777777777777,3.8756169499405346,2.93775117557452,0.5,0.4666666666666667,12.823333231608062,6.638312779398347,5.2716578732319475,2.5026327295511357,47.59723760348665,73.16898681208217,0.6330028176727828,42.64441961071672,13.313906550886978,4.174275034224235,3.910884186811806,0.7249170660622021,-0.058250399395535446,True
47996,Donovan Wilson,FS,21,0.7142857142857143,7.0476190476190474,2,1,102.87698412698411,4.111273423487618,3.2742559403447884,0.5714285714285714,0.38095238095238093,5.398095182010151,6.374620093284046,4.5566694788492095,2.1749710082185536,39.5255111542884,56.08719789530259,0.6619153417197475,42.47405967694242,-0.5556124314348962,3.8366596983039263,4.489290146880596,0.6952022187779143,0.019083495507799975,True
37078,Patrick Peterson,CB,61,0.5409836065573771,8.557377049180328,5,1,103.31284153005464,3.686862110172844,2.8218212348636165,0.5081967213114754,0.423728813559322,10.534754198105617,6.1022315250324155,4.706351918835452,2.255987810901533,39.11633119103797,64.4203333558355,0.5196040594009662,50.67665267301318,5.958307949750716,3.041219211100143,4.871031423945589,0.6520986532243954,-0.11111504666701832,True
52453,Antoine Winfield Jr.,FS,27,0.6296296296296297,8.74074074074074,1,0,103.3179012345679,4.855228787279396,2.754251875676391,0.7407407407407407,0.38461538461538464,12.49444424664533,7.027707254207749,4.671955268235807,3.0183108825336236,36.087680080775876,56.83802574364644,0.7771786293154865,31.17557501368112,-3.377002499182327,4.682026119480543,3.9350658675022263,0.6129418830501547,0.016687746579474916,True
53532,Ernest Jones,MLB,42,0.6904761904761905,6.738095238095238,2,0,103.57142857142858,5.365643290938516,4.083373348847087,0.6904761904761905,0.6216216216216216,2.578095118204761,5.964699503941156,3.7689764710914195,2.6195537708045324,22.250391440073432,41.63198662975546,0.581249858249978,48.65396095495123,-6.788266878277657,2.784557568540682,5.471883074395571,0.7892229189280874,-0.09874672845189691,False
46329,Danny Johnson,CB,22,0.6818181818181818,8.0,2,1,103.59848484848484,4.632128061363834,3.022927641195029,0.6363636363636364,0.35,9.485000783746898,6.100380120225813,4.946803918075292,3.137252263214118,41.27342686300021,74.6459589288659,0.5998221744026788,46.01126751848054,14.701116382247312,3.241835264208298,5.490929569626322,0.7073560425089666,-0.025537860690784786,True
47826,Jahlani Tavai,ILB,33,0.7575757575757576,6.787878787878788,1,0,103.59848484848486,5.446004119641599,4.374895853754094,0.7575757575757576,0.5757575757575758,5.191211989431679,5.773828339588663,4.971415704274534,1.9169083847546065,45.54963438086483,79.69510050105865,0.45660675342250817,56.230530557141975,18.616503400450707,2.3887504833306603,5.483181171994924,0.7838927078362996,-0.026316950260542038,False
48027,Kaden Elliss,ILB,49,0.8571428571428571,7.448979591836735,1,0,104.50680272108845,4.457318244850307,3.214294631607464,0.6122448979591837,0.4186046511627907,3.713877191348934,5.990449718625283,3.9783119036197117,2.4801995753748822,22.6196575318917,50.04773171469827,0.5856538561706158,47.510763173567184,-8.381470926763043,2.995799002112676,4.434338342618449,0.7793830976681699,0.07775975947468716,False
52647,Dane Jackson,CB,34,0.7058823529411765,8.147058823529411,1,0,104.65686274509804,5.176685287158181,3.2885350191366824,0.5294117647058824,0.43333333333333335,9.178529402788948,6.487029285461276,5.010943055975659,1.472264329749213,48.82884585979356,61.731130764792915,0.348078894731212,65.3385794031835,-2.011321956354346,2.5493726827944654,4.7380706213347255,0.6992244835518535,0.006657869389323001,True
39984,Darius Slay,CB,67,0.6417910447761194,8.26865671641791,3,0,104.94402985074626,4.059336838639887,2.536836976079396,0.5074626865671642,0.288135593220339,11.586716320977272,6.4636388033645105,5.56141190246616,2.523679918440257,52.53503905008473,85.3465106124921,0.6740500822596671,39.87708105486092,12.460353291071206,3.946805931121895,3.7292218845413196,0.6546162306168719,-0.01282518584075254,True
48516,T.J. Edwards,OLB,78,0.7948717948717948,7.435897435897436,3,1,105.12820512820514,6.511901298345909,3.863062908914111,0.8589743589743589,0.5714285714285714,4.227051306993526,5.238358775441861,4.340872746318728,2.364301878208693,32.96967793425302,71.86752099720175,0.49060965141459245,54.420409863365734,10.69977876705333,2.36667588659195,5.457364697553636,0.8164331075365132,-0.02156131266471839,False
46698,Levi Wallace,CB,62,0.5806451612903226,8.612903225806452,6,2,105.1747311827957,3.4400210349342473,2.3534814961509523,0.45161290322580644,0.3064516129032258,12.960483843280441,6.717229324352099,4.817901920733155,2.672270231516884,43.102739618267464,71.7390409156829,0.7585321711933936,34.45031212676599,-3.1994879802995517,4.607799963340761,3.2726983616778607,0.6135737871260138,-0.03292862583569123,True
53531,Ambry Thomas,CB,50,0.7,6.9,5,2,105.83333333333333,4.157212230229317,2.389665443734166,0.56,0.2978723404255319,10.700599408149747,6.212765987299007,5.765796029794588,3.700817137950996,50.261136594121176,105.31443320840823,0.6360291338216123,44.417184328567835,35.71377603585785,3.38017898332137,3.511234499032693,0.6625478337763743,0.03745216622362568,True
46194,Avonte Maddox,CB,16,0.6875,11.1875,0,0,105.98958333333333,3.873595121962927,3.7432414256317146,0.5,0.4666666666666667,9.005624771118145,6.541337548066643,5.174351134092318,2.4772736066489083,38.33457298620153,58.38564264027439,0.7058857545408569,39.67559908688799,-0.9392715975886929,4.04901208555695,3.9497335104298257,0.7329650408245575,-0.04546504082455749,True
44888,Alex Anzalone,OLB,71,0.7887323943661971,8.338028169014084,1,0,106.10328638497653,5.621473065830919,3.3121179005227552,0.7746478873239436,0.5573770491803278,3.6594366422841085,6.150468759453686,4.064730553971267,1.7815262132492231,28.259153836031825,61.695461958520205,0.48708514771812045,55.15665384188059,-3.3428541920335433,3.023245881072668,4.222116274305156,0.7849412905050487,0.0037911038611484482,False
52570,Khaleke Hudson,ILB,32,0.78125,7.09375,1,0,106.640625,5.265338837574105,3.7211979416532603,0.75,0.5666666666666667,5.0315622836351315,6.221559619301098,4.3261529248911135,2.732416636174688,32.60843566251707,57.04518648612417,0.5900848969792314,49.31008265985195,-9.236511472097172,3.4399710141954674,4.293506205060804,0.7343809967215713,0.04686900327842869,False
54513,Jaquan Brisker,SS,32,0.6875,6.96875,3,1,106.640625,4.348016587965598,2.7204369614112665,0.625,0.4,9.265312664210775,6.386396817756446,4.274887324800381,1.424277744572828,30.08416167936024,58.995004998845964,0.43503090208687084,56.2370448497953,-9.477404947269937,3.147949507893886,3.985067714259431,0.6632236232010671,0.024276376798932908,True
53481,Jeremiah Owusu-Koramoah,OLB,42,0.8333333333333334,7.809523809523809,1,0,107.14285714285714,7.055413756796641,4.377152924564143,0.9047619047619048,0.7142857142857143,2.6752381551833437,5.656303309069714,4.477235497306642,2.482891108308888,35.73742961266957,80.45234916840953,0.40675266033294016,59.58500440556469,12.19268440161928,2.2864570303010177,5.6524925984371475,0.8271279240075641,0.0062054093257692955,False
52835,Michael Hoecht,OLB,35,0.7714285714285715,7.571428571428571,1,0,107.44047619047619,4.9351841010424735,3.674399081092331,0.7428571428571429,0.53125,4.73857089451382,5.517405030828932,3.9571351357067224,1.7389822974195943,30.81128078922109,58.794539866067105,0.5271306878304739,50.78226590378313,-0.4049721595590081,2.916306108719486,4.785901626459852,0.7310149440603687,0.040413627368202754,False
52613,Josh Metellus,SS,72,0.7777777777777778,8.13888888888889,4,2,107.52314814814817,5.638177523311251,3.1845922792502055,0.6527777777777778,0.46774193548387094,7.347222192419898,6.200470794201092,4.623869180029227,2.11771563846648,39.82323787558382,60.005881737436376,0.62188126979253,44.44769038338055,3.6330093748287577,3.610991154226668,4.949828507296275,0.7271016140610123,0.05067616371676553,True
46823,Mike Ford,CB,15,0.6666666666666666,9.2,5,1,107.77777777777777,2.9560913206183894,1.969077500874104,0.3333333333333333,0.2,9.496666177113857,7.652084495039223,4.644710630107664,3.040187475547499,34.519324132971285,52.458956137811064,0.7622566212819396,33.441968370712786,-23.200370399001063,5.204978473623677,2.6648381237540435,0.6103332489502317,0.056333417716434964,True
43314,Artie Burns,CB,19,0.6842105263157895,7.473684210526316,1,0,107.78508771929825,4.413736637286636,3.062615223533925,0.631578947368421,0.35294117647058826,6.870000337299556,5.926021829035596,4.718465542034901,3.1451243566430307,30.471703091141688,51.16234459845267,0.5625924421214085,47.568466365418594,-11.916739208801241,3.034832749054211,4.6070086464481514,0.690098743349874,-0.005888217034084486,True
53589,Shaun Wade,CB,27,0.6666666666666666,9.148148148148149,1,0,108.10185185185183,5.311302334925736,2.7499265725815274,0.6296296296296297,0.4,7.892222086588562,5.979557977319324,6.26994043421418,3.9513998839948226,64.06571963203756,119.62813178480322,0.5765613366842125,48.98933579010656,44.54109524900383,2.8441538509450823,3.2951429685979705,0.6593120850081199,0.007354581658546744,True
55978,Clark Phillips III,CB,27,0.5925925925925926,7.7407407407407405,2,0,108.41049382716051,3.450698601779844,2.0625689006555543,0.4444444444444444,0.20833333333333334,13.73851884735957,7.320722914447263,4.223374200204904,2.013150866903344,38.060652280357075,62.022641830687526,0.7492110029801785,31.897179891077116,-16.831434792816182,5.201354483969552,3.867527086738098,0.6042816637247528,-0.011689071132160223,True
55925,DJ Turner II,CB,58,0.5862068965517241,10.362068965517242,5,2,108.47701149425288,2.855665521755049,2.2133765477146587,0.3448275862068966,0.2631578947368421,14.100344600348636,6.832937444133912,5.301295807782943,2.4820182785404605,49.827813304395754,77.96570698360378,0.6226873010738656,43.441215269956146,9.11809043062868,4.0123855395218895,3.595868473492606,0.5738003032779703,0.012406593273753819,True
47931,Dre Greenlaw,ILB,80,0.775,6.0375,4,0,108.48958333333334,5.470184997513625,3.4615192739943077,0.7625,0.5735294117647058,4.35437481403351,5.657762729545408,4.473007733899308,2.9640320100168895,27.51245211468802,62.34819891928608,0.617081399005073,43.937388830031665,2.383365202464837,2.8234830874240857,5.077642136672233,0.7984940362401216,-0.023494036240121585,False
55921,Tyrique Stevenson,CB,102,0.6568627450980392,8.254901960784315,8,2,109.19117647058825,3.9433572357511895,2.6289166435807694,0.5490196078431373,0.3434343434343434,9.24705877023585,6.1104586772065055,5.313343668364706,2.8778255065571443,47.06986661226853,89.50594404071227,0.6341248385211008,44.93576635890972,5.42183533079735,3.3078744632393744,3.654641565984139,0.6402086037165223,0.016654141381516885,True
44893,Fabian Moreau,CB,53,0.6792452830188679,12.528301886792454,1,1,109.19811320754718,4.071696428316844,2.7386894689991004,0.5660377358490566,0.34615384615384615,13.906603813171387,6.77306209593994,5.472163101981657,2.989647444205104,51.737022716152914,86.34806334893136,0.6498191471637856,44.148293446218226,5.274507664942571,3.6668512230033343,4.4251979389869005,0.6071604859465479,0.07208479707231996,True
52472,Jeremy Chinn,SS,17,0.7058823529411765,8.117647058823529,2,1,109.43627450980394,5.771044925655652,4.438988934278949,0.8235294117647058,0.5714285714285714,5.189999524284817,6.159787001716686,4.681355252264553,3.0232976775694813,26.9226679398761,52.47683022551093,0.46547114799936734,57.115923999005645,2.6151785608524443,2.26097033353826,4.946096454147715,0.8081065759804485,-0.10222422303927203,True
43353,Kevin Byard,FS,41,0.7804878048780488,8.365853658536585,1,0,109.65447154471543,4.311364599944761,2.411016899292734,0.5365853658536586,0.25,5.993902299462264,6.246226010060961,4.5344505517546825,2.9309167401809737,31.534376342508224,59.0702801155763,0.7132395541556998,38.301008313920306,-5.237490331433429,3.8387657636956587,3.409052892050909,0.7007120309095403,0.07977577396850855,True
46190,Taron Johnson,CB,67,0.7611940298507462,7.611940298507463,5,2,109.67039800995025,4.823561769362162,2.9303968323111693,0.5970149253731343,0.4406779661016949,6.791791033388972,6.412323840966837,4.915961475493342,2.5756736087871777,44.62374994578247,78.21228531026455,0.5891355968555136,47.214784837791136,2.9515249563840307,3.202912306734178,4.755028332132839,0.728919736826102,0.03227429302464424,True
52607,Jordan Fuller,FS,34,0.6176470588235294,8.911764705882353,2,0,110.29411764705883,5.066508294670266,3.2192152706629593,0.6470588235294118,0.41935483870967744,10.634118164286885,6.574078846592582,3.9957291501263437,1.808143778858709,26.7528872248597,43.95651641398701,0.7020668192465853,38.56432438503762,-5.3606647056958545,4.213883625336392,3.989981033401767,0.6805108026014793,-0.0628637437779499,True
56007,Cameron Mitchell,CB,20,0.7,8.05,1,0,110.625,4.183734611310495,3.312489144515557,0.5,0.5,7.009000039100667,6.913037669907158,5.034189874261456,2.244277572792296,36.80005138580261,61.91516368311659,0.6275998861329516,43.57317190139209,3.853398388026351,3.7939479392719115,4.302922185507327,0.6886566556169368,0.01134334438306317,True
55137,Darrell Baker Jr.,CB,42,0.6190476190476191,9.880952380952381,2,0,110.71428571428572,3.0322530997591235,2.4304678668570214,0.35714285714285715,0.35714285714285715,11.621904498054874,6.062207687969488,5.7778948240781345,2.9071843673936666,59.150523056356924,98.90277904139846,0.5641743027868195,49.46336240545173,32.07826834860237,3.041827016893388,3.9396863109958606,0.5703319546282574,0.048715664419361704,True
52991,Myles Bryant,S,60,0.75,9.016666666666667,3,1,111.87499999999999,4.393078771587506,3.0489789754330077,0.5666666666666667,0.43103448275862066,9.986499961217241,6.740769951631508,5.242440717484523,2.903792282166896,41.58444672262839,66.52530316825978,0.6321015509568123,43.44030028782845,7.533703991931758,3.891959334453057,4.27484254416566,0.6855601053397232,0.06443989466027678,True
41243,C.J. Mosley,ILB,51,0.7843137254901961,9.352941176470589,1,0,112.17320261437908,5.364750220143873,4.058539397482686,0.7843137254901961,0.5681818181818182,4.921176386814501,4.993420168109427,4.230613635334075,2.20459888924361,27.480916704943347,55.66398715596974,0.6310120015990036,43.647980709819734,0.9188808190361923,2.536694149916284,4.67311189161067,0.7505010096071814,0.03381271588301471,False
52473,Logan Wilson,MLB,68,0.7941176470588235,9.014705882352942,3,1,112.80637254901961,5.609900662298525,3.511220681315024,0.8235294117647058,0.5689655172413793,6.270146902869723,5.228030395553232,4.38376054406019,2.3403182091461256,35.64546719449159,73.2557447025105,0.6306521571908569,42.01442241070194,8.314760337511023,2.9839388154948057,4.596200697448721,0.7918362486947433,0.002281398364080145,False
54492,Devin Lloyd,MLB,68,0.7647058823529411,8.073529411764707,4,1,112.92892156862744,5.148961812439769,3.8620411358407214,0.6911764705882353,0.5573770491803278,6.071470527087933,5.513739356106605,4.476185513897891,1.8529334968904858,34.228621034986865,62.581129441821155,0.5252960380578748,50.80493815122468,13.383228609454603,2.892067479331373,4.946148447621971,0.7418725507135359,0.022833331639405263,False
46672,Tavierre Thomas,FS,31,0.7419354838709677,9.32258064516129,1,0,113.50806451612902,4.642202248004649,2.92641384749559,0.5806451612903226,0.3333333333333333,6.765161168190735,6.620405211571064,4.799061634051014,2.6007861015651836,39.422144549048426,64.65376825745925,0.6012642375496738,47.95465536274047,17.239838700198316,3.835029002102114,4.501898018840482,0.7037550746652971,0.03818040920567067,True
52535,K'Von Wallace,FS,20,0.8,7.25,1,0,113.54166666666667,5.336411869875764,2.6712272908119954,0.7,0.4117647058823529,4.413000011444069,6.173311218001302,4.486737272674678,2.624928167700573,28.27448374082557,41.85025357848688,0.7343933494613156,36.362819831379454,-6.533374963842031,4.005834092461328,3.4814637888283406,0.7294889646734708,0.07051103532652925,True
43351,James Bradberry,CB,93,0.6236559139784946,7.612903225806452,9,1,113.55286738351253,3.2033618068674885,2.7316803868517834,0.41935483870967744,0.3118279569892473,12.107634431572393,6.288947051435052,5.203862941407388,2.662048554099879,49.916580589627834,91.4944434130796,0.6102213716446122,45.292963767041876,6.347193714891748,3.4328081086314763,4.080692485075678,0.6096743262577183,0.01398158772077629,True
54586,Jack Jones,CB,26,0.6923076923076923,10.653846153846153,2,1,113.78205128205127,3.7753246400527,2.8573910416383264,0.5,0.32,11.330000217144326,6.615486519949432,5.656601321012776,2.5370595154226816,52.90562278559918,90.42519889853087,0.589002999399286,46.040017607848014,11.528642703931398,3.372526496680454,3.9032286805971275,0.6475707693274079,0.04473692298028442,True
43503,Elandon Roberts,MLB,34,0.8529411764705882,9.588235294117647,2,1,113.97058823529412,5.230245951866591,3.9343621508137647,0.7941176470588235,0.5806451612903226,3.6385293848374363,5.547648917050814,4.6063343872097855,2.9063075452392884,37.51157756095328,86.42791788872623,0.6648308591394492,42.45868555968081,17.47260064264463,3.0912288443494322,4.4730053738481566,0.8212377802894046,0.03170339618118356,False
48241,Keisean Nixon,CB,69,0.7971014492753623,9.623188405797102,4,2,114.00966183574879,4.7846211102119796,3.4631445603313358,0.6231884057971014,0.42857142857142855,7.913043381511278,6.346841060302287,4.82326267489324,2.6908756211985043,41.210535102677724,72.52829568247725,0.5363844474133216,52.01660311608954,8.128468513596445,2.927471952098986,5.455600138061416,0.7264232173844352,0.07067823189092715,True
46902,Robert Spillane,ILB,47,0.8297872340425532,9.702127659574469,1,0,114.18439716312056,5.9564536457278665,3.8220862768171244,0.851063829787234,0.525,4.945106288220022,5.1410703467729775,4.65445571353756,1.7158967923140622,36.28160164294574,73.29732444740827,0.4033722305162381,59.61570205184982,18.074974562229276,2.067370652510032,4.826443437906205,0.7993584754727119,0.030428758569841285,False
43373,Kendall Fuller,CB,53,0.6226415094339622,8.88679245283019,5,1,114.58333333333333,4.807987827150375,2.7850825140884066,0.5283018867924528,0.36,11.05603804228439,6.123437358366775,5.111676315535995,2.9051854837305684,46.88023490011957,80.57001771084794,0.6874141891299702,38.916208074883166,20.437209315405845,3.754063670175422,4.0414565118372465,0.6642519430311622,-0.04161043359719996,True
43533,Jayron Kearse,FS,41,0.7804878048780488,9.609756097560975,1,0,114.83739837398375,4.616346442880205,3.84170394157979,0.6829268292682927,0.6052631578947368,7.328780459194643,6.1167711282402255,4.5955958157527155,1.7765581812346665,40.29143431002236,65.37913656673935,0.3858539807593626,63.36845988866966,-7.004970938170795,2.464085933453559,5.454559695235796,0.7252386162833154,0.05524918859473338,True
46086,Derwin James,SS,40,0.75,10.1,1,0,115.00000000000001,4.542621644283118,3.263874117697673,0.7,0.3684210526315789,8.694249761104576,6.5349208608414315,4.3841790839371395,1.9909066230408121,32.860371143130806,54.92580493689964,0.5262955285051121,52.574122772064776,-8.736239881018571,3.3015956250601524,4.8572248109813,0.7390528626917316,0.010947137308268351,True
54496,Daxton Hill,CB,29,0.7241379310344828,7.206896551724138,2,0,115.44540229885058,4.294643954716071,2.425210403442347,0.5517241379310345,0.2962962962962963,7.293793513857081,7.047152694519087,4.672123516243857,2.920555901083578,30.483714821986204,50.60778044416861,0.7038953718544592,37.750174552665186,-11.16074762075386,4.727900141162072,3.0568313149360193,0.6846061251789607,0.03953180585552207,True
48026,Nick Scott,FS,27,0.8148148148148148,13.333333333333334,1,1,115.66358024691358,4.742861319832259,2.7443469584970686,0.6666666666666666,0.4166666666666667,12.82703639842842,6.513223830775675,4.650104894046507,1.8268937260031957,39.86249581814412,68.7404054984184,0.6310814428131054,45.52903185210175,-6.989528218137949,3.8045257926927225,4.784548357870961,0.6447796728889044,0.1700351419259104,True
48447,P.J. Locke,SS,17,0.7058823529411765,8.470588235294118,1,0,115.80882352941177,4.199468244100939,2.6295861228126496,0.7058823529411765,0.35294117647058826,10.809411694021778,7.028917817373597,4.830594870382889,2.844706538141539,36.99398940518019,54.836737665161515,0.7033049623211388,37.4633094443123,2.626025605964695,4.334469133867112,3.626972362406132,0.6627157231144257,0.04316662982675079,True
44872,Chidobe Awuzie,CB,49,0.6122448979591837,10.591836734693878,4,1,115.94387755102042,3.184504402030069,2.7488151505098912,0.42857142857142855,0.3125,14.80775521239457,6.853151665173022,4.410700511723269,2.109954180465311,39.28265431068624,58.51997036301899,0.6592857723863661,40.02755416994743,-0.7952398548611047,4.405222377708516,3.996329278302697,0.6023892841968999,0.009855613762283832,True
40017,Tyrann Mathieu,FS,34,0.6470588235294118,7.970588235294118,4,1,116.1764705882353,4.482962176855577,2.868738931799807,0.6470588235294118,0.36666666666666664,8.06735296810374,6.081126644829043,4.1394352391387805,1.9269239406254495,36.16051865439523,55.50228774760321,0.6813108243522076,39.37869847908558,-5.28763644657775,3.9702904703868156,4.674098408820196,0.6378202554070411,0.009238568122370672,True
44964,Desmond King,CB,18,0.8333333333333334,11.88888888888889,0,0,116.2037037037037,5.224378294566363,3.4669095221480135,0.7222222222222222,0.4375,7.983333693610299,6.417804093002126,4.783659660025272,2.0496564722040382,41.51363612367618,63.433466774745746,0.48398521212524254,53.10127604900723,-1.6765897980987274,2.776835684162077,5.877916924620652,0.7484575591024123,0.08487577423092107,True
47971,David Long Jr.,ILB,50,0.8,10.32,1,0,116.33333333333333,4.132725477125849,2.7260335542956042,0.62,0.3488372093023256,6.328400211334226,5.460869555798503,4.5268835543212,2.485133320450083,32.76585722409173,61.22646153652778,0.5867242302823588,47.180902056133746,-2.0836671525542974,2.6977968046603062,4.129715198132881,0.7236876160131738,0.07631238398682627,False
52764,Essang Bassey,CB,22,0.6818181818181818,10.181818181818182,1,0,116.47727272727273,4.470379370020093,3.4071311962617212,0.5909090909090909,0.38095238095238093,9.002727595242591,6.552849111649763,4.249708663848271,2.762274104898526,31.250092874013603,50.81284105353714,0.5095117777903344,50.839302731556835,-1.0062604796688888,3.274313503973146,4.9500935392640555,0.7579613540262287,-0.0761431722080469,True
46142,Jerome Baker,OLB,44,0.8863636363636364,8.409090909090908,2,0,116.85606060606062,4.438592956969723,2.800155770428025,0.6363636363636364,0.3157894736842105,3.525227329947741,5.57991550044178,4.079590568082727,2.028952487436276,26.442113639070957,51.66099043365224,0.5637031948701698,48.37524851849272,-2.920206195347597,2.6657439209337492,3.9927580615702793,0.7825993352483317,0.10376430111530466,False
52445,Kyle Dugger,SS,36,0.7777777777777778,7.611111111111111,2,0,116.89814814814817,5.325572235383084,3.057057505903617,0.6111111111111112,0.3939393939393939,6.788333654403682,6.511136295486743,4.471040913473085,2.404826475785339,24.316256127653702,46.438692821476,0.6683040200857789,40.60879573390231,7.594756207953086,3.97993179176376,4.376673510716714,0.704270491992092,0.07350728578568577,True
46127,Isaiah Oliver,FS,41,0.8536585365853658,6.341463414634147,3,0,117.47967479674797,4.165412952821017,3.076500870763868,0.5853658536585366,0.4594594594594595,5.397561131454101,6.729360877539258,4.680146053795313,2.163630136414821,33.21741650978962,62.831236962299684,0.5147909445868162,50.9360774467969,5.7057984703633,3.373872754485698,4.327339838247895,0.7413387152911567,0.11231982129420914,True
54687,Montaric Brown,CB,42,0.6904761904761905,8.19047619047619,3,0,117.55952380952381,3.3941860941764563,2.605071254273995,0.35714285714285715,0.3333333333333333,10.664047502336045,6.163572324026286,5.608352930762605,3.1870681552087383,60.22864907609983,106.66902909097429,0.681118188908331,40.65608688476683,24.760389029367303,3.7617198806742276,3.5893104897687316,0.5810306765489701,0.10944551392722035,True
46137,Justin Reid,SS,36,0.7222222222222222,6.611111111111111,3,0,117.59259259259258,3.919075156164694,2.882525309043755,0.5555555555555556,0.42857142857142855,7.978333499696524,6.583162531730261,4.687149350896102,2.885870306251496,33.43376916471226,56.413397126520366,0.6541742862923207,44.28654690356156,-5.337636806461513,4.066446039513249,4.431135268851563,0.7551112199935477,-0.03288899777132548,True
47974,Marcus Epps,SS,22,0.6818181818181818,10.454545454545455,1,0,117.61363636363636,6.141440581800649,4.434913152691155,0.7272727272727273,0.7222222222222222,7.472272417762065,5.885695475986712,4.103000366307618,2.0051993680170472,35.60202975068726,53.126202096219984,0.6744675289550736,41.05819456113367,-1.8414570641176813,3.2821221661863476,5.327409035797697,0.7557012668046159,-0.07388308498643414,True
52471,Willie Gay Jr.,ILB,21,0.8571428571428571,8.428571428571429,1,0,117.65873015873017,4.9742519928646045,4.319505532644289,0.6666666666666666,0.7222222222222222,3.8985716501871845,5.508561795599654,4.442306610671956,2.1549592527623203,36.030658174871824,70.43811577348065,0.5327562386517832,49.8949897250165,-1.235444964680056,2.8638951145275615,5.5283614686974225,0.8015041474073864,0.05563870973547069,False
54815,Josh Jobe,CB,23,0.6086956521739131,8.652173913043478,2,0,117.84420289855073,3.430053479514508,2.4110088344802274,0.5217391304347826,0.2727272727272727,10.588260567706552,6.312537767746352,5.260527838620825,2.63219238805918,45.29989443514655,84.36321896982531,0.5614161062606305,51.19637141044616,1.986162585628801,3.14009288470195,3.8736763539402803,0.6145874823725996,-0.005891830198686554,True
53649,Isaiah McDuffie,MLB,28,0.8928571428571429,9.464285714285714,1,0,118.00595238095238,6.10103006423357,4.519204955683584,0.7857142857142857,0.6875,3.1714284079415385,5.722019002909739,4.49857677211586,2.597990097715786,43.685556182966074,75.4653245561062,0.5339020637219044,52.67769967600427,11.792895296069648,2.3452284209467016,5.126823266234331,0.8011145220610406,0.09174262079610229,False
54583,Akayleb Evans,CB,58,0.7068965517241379,10.241379310344827,5,2,118.0316091954023,4.59852442030514,3.359689427246034,0.603448275862069,0.45454545454545453,11.207241286491525,6.461988804234952,5.127415428248082,2.8361075044549873,44.23341459670606,70.29221679562902,0.5734018143922548,49.11201292717159,9.255487532670049,3.174586638404236,5.166860360977604,0.6667074255399135,0.04018912618422443,True
54677,Derion Kendrick,CB,64,0.625,11.4375,6,2,120.05208333333333,3.3229660498729094,2.645293976976542,0.375,0.328125,14.980625148862597,6.628658956014001,5.275014496232594,2.6970059675247344,51.879811648523884,81.03788400582755,0.6400748086560147,42.84418664018621,8.54879506783032,3.703090076056263,4.526285954689713,0.560477344484746,0.06452265551525405,True
46186,Jordan Whitehead,SS,17,0.6470588235294118,11.764705882352942,6,1,120.09803921568627,4.236713146878881,3.882589487039042,0.5882352941176471,0.625,7.938235507291902,6.562387424822895,5.02539340466002,2.052024025617968,35.58894222160502,53.032028517480015,0.8141407097917296,28.263203261883252,-0.31574804187063044,4.7501641184877945,3.271026077491846,0.689411670869886,-0.042352847340474176,True
46175,Josey Jewell,ILB,29,0.8275862068965517,10.068965517241379,1,0,120.11494252873564,5.052079868815491,3.9667310539216762,0.7931034482758621,0.6428571428571429,4.332759100815345,4.754363956834073,4.678238467329131,2.0030923569774055,41.21437261269308,89.70966175284012,0.3884770075987963,62.155174487383945,10.349606278430814,1.6011441299029712,4.866834456407554,0.7969083168204771,0.030677890076074577,False
45571,Michael Davis,CB,81,0.6419753086419753,8.62962962962963,7,0,120.34465020576131,3.2627283500635524,2.202595781983263,0.41975308641975306,0.23076923076923078,11.889382780334085,6.888331303106491,5.006628160703166,2.650653826322409,38.17963645701794,73.34100879203301,0.6045487124798888,45.264054738872844,-10.815712392151596,3.9314975961054617,3.9146944686148326,0.6137407772374742,0.02823453140450105,True
53476,Asante Samuel,CB,68,0.6470588235294118,9.867647058823529,6,1,120.40441176470588,4.975009383370251,2.9963009274096013,0.7058823529411765,0.36507936507936506,10.434264596770795,6.4868418999348885,5.238973843671586,3.0823079757825576,48.04197982194266,84.81421013904813,0.6432586300455403,45.511167327702864,23.33240381956933,3.668370546941183,4.128961796789445,0.6968052964350944,-0.04974647290568257,True
45345,Nicholas Morrow,ILB,49,0.7346938775510204,8.816326530612244,3,0,120.45068027210884,4.614072712187013,3.1327274206164573,0.5714285714285714,0.4186046511627907,6.139796023466142,5.576517253384662,4.626433116945011,2.987160751620778,30.87280129285408,55.47564739604834,0.6633837935100417,40.10974445497062,9.76443760556891,3.303394473942544,4.4694988504475806,0.7069783626350841,0.02771551491593638,False
53469,Richie Grant,SS,36,0.6944444444444444,10.11111111111111,2,0,120.60185185185183,3.96945861719851,2.681748332657202,0.4722222222222222,0.30303030303030304,10.109721846050686,7.3062747915142,4.490228176355143,2.925779239990787,28.352515725092704,41.5026963127077,0.8320582678588021,28.387500268829776,-13.372090095231325,5.232853029728706,3.2913917185941814,0.6325795562272429,0.061864888217201486,True
52417,C.J. Henderson,CB,31,0.7419354838709677,11.096774193548388,1,0,120.90053763440862,4.225013336738093,2.8313476772825537,0.5483870967741935,0.3103448275862069,13.346451324801292,7.019454023158528,5.031651950413404,2.5643645484818385,41.45476723382513,52.86250441438824,0.589986859129141,47.46393665000644,-16.49969973069602,3.86877404872966,4.127020009094612,0.6472520951607899,0.0946833887101779,True
46775,J.C. Jackson,CB,50,0.64,9.74,5,1,121.0,3.7454397715961196,2.905493435939729,0.5,0.3541666666666667,12.889999624490724,6.721861822243272,5.20414211569888,2.390031285317038,50.53378721139364,87.71383392316964,0.6491118377616686,41.64601412946889,-3.7405770699845102,4.139145281864333,3.580157582065572,0.6166429585022535,0.023357041497746533,True
56032,Henry To'oTo'o,OLB,28,0.75,7.857142857142857,2,0,121.13095238095238,4.077586501544823,2.8778645753128207,0.6071428571428571,0.36,6.747857315199728,5.186278826622414,4.711782289926896,1.9957069201130622,31.677134343260033,60.73753245936707,0.5263460192713192,52.91234947022247,3.242248614643422,2.5201530890056434,3.715708806066744,0.6880454072471561,0.06195459275284387,False
47863,Sione Takitaki,OLB,20,0.75,9.6,1,0,121.25000000000001,6.008977800883289,2.8356949781879277,0.65,0.5,5.060999584197995,5.736474567582908,4.939871055490224,2.7192473117492666,36.15549343648086,67.91781251894373,0.7724182033916974,31.25020043306715,9.384289165413476,3.493483538316167,3.3687889280386574,0.7511024614351572,-0.0011024614351572426,False
54487,Quay Walker,OLB,55,0.8363636363636363,8.745454545454546,3,0,121.28787878787878,5.873180633758183,3.7394695424790196,0.7454545454545455,0.5365853658536586,3.554181792519302,5.665639346599577,4.634046321271959,2.8462835864873375,35.26032935764083,68.23555584112114,0.7221198543632757,38.94021041398364,13.644034614730492,3.4064192335961474,4.6551386045898475,0.8272339160738954,0.009129720289740906,False
52436,Patrick Queen,ILB,67,0.8507462686567164,8.417910447761194,4,0,121.64179104477613,5.316964043249966,3.697586590715555,0.6716417910447762,0.5666666666666667,4.970597025173809,5.922726052139819,4.314810042672891,1.9183635495614002,34.9875206623135,66.17437859736621,0.4820752283485382,55.62966129361984,-1.1031755827604581,2.6360696743812526,4.770764880766423,0.7510193840182093,0.0997268846385071,False
38577,Bobby Wagner,MLB,55,0.7636363636363637,9.072727272727272,3,0,121.70454545454545,4.741090416925145,3.3964317074000268,0.7272727272727273,0.5490196078431373,5.4603634227405875,5.186335442100954,3.886745962355437,2.0672490352371984,28.271214119690537,53.87594900231466,0.5000539431253549,53.52244890734744,-2.399633745084488,2.3594657965893426,4.618322281577832,0.7420741575923433,0.02156220604402037,False
53487,Nick Bolton,MLB,24,0.75,7.25,2,0,122.56944444444444,4.507703277489601,3.6894377028631014,0.7083333333333334,0.5714285714285714,5.156666437784824,5.303589031107543,3.9105991585676265,2.0945565879132504,39.208927955277844,66.08518781120628,0.5542209383634494,49.79454163694466,3.063264183433881,2.644411711012544,4.984789838403814,0.7433826152591502,0.00661738474084983,False
40166,Jordan Poyer,SS,30,0.8,8.3,2,0,123.47222222222223,5.519759869213739,3.9646592012104462,0.7,0.5555555555555556,7.599999944368987,6.22873745760074,4.735190193728239,2.1726655055588595,40.67600612226775,63.029874427967805,0.6163544703318529,43.15744870716694,11.008383011291869,3.4857457371447866,4.606425158963144,0.7637266145492995,0.03627338545070058,True
41256,Jimmie Ward,FS,31,0.9032258064516129,11.161290322580646,1,0,123.92473118279572,5.353035712335129,3.541747660569353,0.6451612903225806,0.5185185185185185,7.6941933785715575,6.764661679111723,4.371536830716645,2.642870403303598,36.269065264036,52.63014357161937,0.6291387507510918,43.21830854003501,4.767433633471667,3.8892769723978824,5.268464393887825,0.7524384542154346,0.15078735223617823,True
54808,Reed Blankenship,FS,34,0.6764705882352942,6.264705882352941,6,0,124.1421568627451,4.246244956196342,2.0659815344711725,0.5882352941176471,0.28125,9.520588313831997,7.031138833533625,4.320813765476577,2.9657567903239936,26.246803212507313,40.967011147770364,0.7572718224711452,31.002941779846502,-21.85132852663009,4.806327879412283,3.405834443435636,0.6203975424939409,0.0560730457413533,True
44887,Duke Riley,ILB,18,0.8333333333333334,9.38888888888889,1,0,124.30555555555556,5.317255070040239,4.278981493598218,0.6111111111111112,0.4666666666666667,3.154444111718072,5.725334754795436,3.448167977055361,2.372933609668913,15.415813806493816,33.56991088985962,0.5674262611521314,47.10876683070944,-16.12066787486584,2.7793523587264537,3.7830768692739256,0.7957127018879625,0.03762063144537087,False
52431,"Kenneth Murray, Jr.",MLB,69,0.7971014492753623,9.594202898550725,4,0,125.96618357487924,5.460684504100385,3.6018057268231987,0.7391304347826086,0.6140350877192983,4.7927533992822715,5.2353403262923806,4.453713216631216,2.394945430251676,33.57378171349297,70.80323139413454,0.5163203822866943,53.55943619544416,7.484165775698037,2.236309452311329,5.014254085477573,0.8046652742396617,-0.007563824964299415,False
43387,Justin Simmons,FS,31,0.7419354838709677,8.774193548387096,5,1,126.61290322580645,4.624140356522399,3.5594975105268354,0.7419354838709677,0.5161290322580645,11.609677918495642,6.279027380450648,4.093183915427741,2.302583539351834,32.75892868938787,50.43856194381619,0.6009753705164059,46.18669010919043,-8.433700269946366,3.330560561764694,5.7970166178935605,0.6683111985208953,0.07362428535007248,True
56045,Kei'Trel Clark,CB,37,0.7297297297297297,11.027027027027026,2,0,126.8581081081081,4.062630389020943,2.902131615814514,0.5405405405405406,0.32432432432432434,14.627567445909646,7.086693962805391,4.795575008014728,2.8316396778707937,39.299339234451224,56.30358794067933,0.735319202139492,34.06312391859856,-5.837495790529841,4.268929696092835,3.7814443379999054,0.5814547746445234,0.14827495508520627,True
42512,David Mayo,MLB,17,0.9411764705882353,9.764705882352942,1,0,126.96078431372551,4.949109861184877,3.778876246926988,0.7058823529411765,0.5714285714285714,5.421764822567211,6.035054981039159,5.423611645877118,2.8645065778920125,42.7885800008272,85.63365391710782,0.7294334529696116,35.67699601903341,19.18856296726825,3.824508917265969,3.782170460719163,0.7689604602061001,0.1722160103821352,False
43404,De'Vondre Campbell,ILB,30,0.7333333333333333,10.766666666666667,3,1,127.50000000000001,4.781720470043785,3.9907435844625625,0.6333333333333333,0.5,6.021999994913733,5.37122868206517,4.1116502540957915,2.0651565308474398,34.87208837010418,71.02384924945157,0.46409857162575896,55.59704741290176,8.04188174723279,2.1283242681324643,5.280526925996095,0.7642766719783844,-0.030943338645051166,False
44906,Cameron Sutton,CB,77,0.7012987012987013,10.909090909090908,5,0,127.62445887445885,3.561557719854382,3.1248473337778355,0.44155844155844154,0.4155844155844156,12.651298587972462,6.195106693177562,5.216590434244429,2.1911298079922368,50.16587729381717,86.96088294161046,0.43600585753705146,57.94845907878181,12.812010335135568,2.545228470133509,5.268971623728635,0.6415240515254415,0.05977464977325986,True
46151,Tracy Walker III,FS,15,0.6666666666666666,7.333333333333333,3,0,127.77777777777777,4.853290993299909,3.428250638963958,0.6,0.5714285714285714,7.9419994513193615,5.900868282549184,5.046369527327366,3.000392164006378,50.56617325618217,87.20823476757566,0.5506303513173451,53.06934648871266,20.959202352398165,2.7263711267092683,5.231182226449716,0.695050154476215,-0.028383487809548358,True
47871,Cody Barton,ILB,41,0.8292682926829268,9.365853658536585,4,1,128.0487804878049,4.1379112621814045,2.506930477724412,0.5121951219512195,0.34285714285714286,5.83073161288007,5.685484196488929,3.6176901623616917,2.7622094448180627,17.2940195672047,38.32435829687611,0.8662844633733012,24.689826929201022,-13.174595231380085,4.025002695264479,3.2456161121959113,0.7270596399080731,0.10220865277485369,False
52469,Kristian Fulton,CB,45,0.7555555555555555,11.6,2,0,128.19444444444443,3.535883522246883,2.64454028363332,0.5111111111111111,0.3181818181818182,10.780888424979317,6.279347465836927,5.253280022865863,2.596333501267479,49.944103255730255,90.79862330074995,0.526591410300483,52.38124396427448,10.245639406737805,3.130420551196167,4.049612373022528,0.6667963198835677,0.08875923567198785,True
47864,Will Harris,SS,20,0.75,11.35,1,0,128.54166666666666,3.3630135358882045,2.4957229878396254,0.4,0.3157894736842105,10.823999214172309,6.460702887947315,4.789997857888542,2.520642780716126,41.10300142837233,62.32083972716847,0.6306553858726559,44.58801632643313,1.8924064862957042,3.7429272440572046,4.900050379548385,0.7123146022216996,0.03768539777830038,True
53462,Tyson Campbell,CB,48,0.6666666666666666,9.604166666666666,8,1,128.5590277777778,3.7466775300890176,2.6530600957053414,0.4375,0.2978723404255319,11.681874831517542,6.87977845810875,5.5309787591681285,2.630171837447346,50.444763630624706,84.16987403493962,0.6093428052941744,46.42071975389801,-1.7825132824550824,3.6715082030471047,3.7432212996744743,0.657701543108499,0.008965123558167587,True
53448,Jamin Davis,OLB,48,0.6875,9.416666666666666,6,1,129.51388888888889,5.048167654333658,3.866558859589008,0.625,0.4878048780487805,5.2481250166893085,5.681845834691914,4.673042318456937,2.575393677246996,40.96943439716462,77.1275524386563,0.5664699948310365,47.76819707068984,14.58158948148041,2.878656751491181,4.469867783507536,0.7575078702836504,-0.07000787028365041,False
55880,Emmanuel Forbes,CB,55,0.6727272727272727,11.836363636363636,5,1,130.18939393939394,2.689852021104181,2.016957704827547,0.3090909090909091,0.2545454545454545,12.877455074136899,6.660755515587859,5.95895143889926,3.3207678583158255,56.840449124765016,106.44036037091949,0.657521592290239,42.2531210450323,16.63293292210358,3.880026408520803,2.924912845625775,0.6161479091704098,0.05657936355686288,True
42391,Denzel Perryman,ILB,33,0.7575757575757576,11.06060606060606,2,0,131.50252525252523,4.4405945682276675,3.436303519413968,0.6363636363636364,0.5161290322580645,6.95848416198386,5.494738153706441,4.604071317216077,2.507824400900125,35.72406362318278,67.74889285465478,0.6545197931091121,41.34492697666235,5.52171540806908,3.103118680718567,4.0580006482570345,0.7339054223488864,0.02367033522687112,False
46259,DeShon Elliott,SS,24,0.6666666666666666,8.375,3,0,132.11805555555557,3.664927033917651,2.809276998201782,0.5833333333333334,0.3333333333333333,9.023333022991828,6.554039632585677,4.6952449595216565,3.231848886593242,27.83151216956391,47.89056000564464,0.7539262539500448,34.68908337763309,-6.001974142876961,4.222343672008375,4.32788994506391,0.6239409055943926,0.04272576107227399,True
54580,Damarri Mathis,CB,37,0.7567567567567568,10.297297297297296,4,1,132.8265765765766,3.270884236488878,2.0938420759828853,0.35135135135135137,0.2222222222222222,11.629189541210971,6.8015425293105745,5.358455887766999,2.7342226723452074,47.85492255818388,78.86673724665604,0.6806443365590048,41.091456827500814,-1.7554629823518662,4.149387376158736,3.434070366513007,0.6189916253427479,0.13776513141400892,True
53465,Jevon Holland,FS,25,0.84,9.6,2,0,133.33333333333331,4.638798992903041,3.0107088102970607,0.68,0.3333333333333333,6.5399999999999965,6.663449441719844,3.855713738197483,2.6132918634717854,16.60191048872014,32.60580115534091,0.5931670137693273,46.11556353143826,-8.685157240258336,3.673863182399216,4.4236616332554375,0.7734222575776271,0.06657774242237291,True
46087,Jaire Alexander,CB,33,0.8181818181818182,11.272727272727273,2,0,133.83838383838383,3.5569146505353704,2.7407661767122873,0.45454545454545453,0.42424242424242425,10.411211967468288,5.9564279724531985,4.810330000650212,2.231578956387918,33.3969602861362,57.78739490107437,0.504764916069135,54.26468853600894,-2.5917419512760635,3.1020556421231213,4.560518435309332,0.6767333778894272,0.141448440292391,True
52624,Kam Curl,SS,35,0.6857142857142857,8.857142857142858,4,0,134.22619047619048,3.62156064881482,2.4648067916379706,0.5142857142857142,0.24242424242424243,9.921999958583282,6.68964240363685,3.99992983680428,1.9022603658469406,31.648347512270448,55.387466553293166,0.6244023360639355,43.89012790873992,-11.596401728121842,4.050461830472536,4.921483713954588,0.6339004449928256,0.051813840721460114,True
54936,Kader Kohou,CB,67,0.7761194029850746,9.462686567164178,6,0,135.9452736318408,4.225881336032366,2.5367271970782874,0.5970149253731343,0.27419354838709675,9.376716343324594,6.497533590475372,5.2726118270795705,3.1634530047165663,40.5978790851555,74.50971886583396,0.6267383614202872,44.15133562565273,12.251862156162,3.410189328559867,3.9578767811286237,0.7035926996487704,0.07252670333630429,True
46110,Harold Landry III,OLB,18,0.8888888888888888,8.166666666666666,2,0,137.7314814814815,5.1239351596836675,4.57808218990758,0.8333333333333334,0.7647058823529411,2.868332756890195,5.61288549131717,4.3162871954082185,2.002529936132732,33.95440703008916,56.087010358691344,0.4912733664494932,55.979393788569595,15.538262418844578,2.7436356725523545,5.257635676822169,0.8460513568246792,0.042837532064209594,False
52863,Krys Barnes,ILB,19,0.7894736842105263,7.7894736842105265,3,0,138.7061403508772,5.550719959109746,3.425331783259154,0.6842105263157895,0.4,4.190525870574139,6.06243514505124,4.679453682346581,2.4261823848350033,33.78126037395589,64.4219327215691,0.4059102184050679,63.499580282042906,6.032954090397671,2.2945197272684683,3.8614993117435756,0.8136891638148782,-0.024215479604351886,False
47899,Amani Hooker,SS,32,0.78125,10.9375,4,1,138.80208333333331,4.676981337745611,2.642208750376191,0.625,0.3333333333333333,11.918125003576304,6.308925611901227,4.420850802294942,2.3174332294636844,38.62412630339336,56.914103170956594,0.6644174398112379,36.61800254092191,-2.3248879517179484,4.037188372816912,5.378027177552904,0.7048602399682142,0.07638976003178577,True
44818,Jamal Adams,OLB,27,0.8148148148148148,8.666666666666666,3,0,139.8148148148148,4.527033357887702,3.3084824618363555,0.5925925925925926,0.5,6.215185447975435,5.277833856052729,4.055184638939889,1.9251427667547327,31.3074592916375,65.26284173043281,0.317853753178682,68.96044865773887,13.504417911975624,1.6157349598259498,5.068455373670469,0.7535866445596184,0.061228170255196335,False
53565,Marco Wilson,CB,61,0.7540983606557377,11.78688524590164,6,1,139.99316939890713,3.264889047624531,2.036047812071932,0.4426229508196721,0.1724137931034483,12.23950790968098,6.462745786878843,5.90449505844,3.0279819686702094,52.35099095975906,92.84245174835173,0.6325759084293888,44.77087642471899,11.469552138161726,3.665778950522628,3.2609017882858833,0.6594370277292122,0.09466133292652545,True
46123,Jessie Bates,SS,26,0.6923076923076923,9.923076923076923,4,0,140.7051282051282,4.6805472208818,2.7553521738118376,0.7307692307692307,0.391304347826087,14.659999829072238,7.021412186387042,3.8449524041345073,2.501741114459492,28.880012965192897,38.10362520999395,0.80867079016526,27.08565197127993,-4.732760664692043,5.067902905723041,4.449623285860559,0.5939248708657492,0.0983828214419431,True
55181,Tre Avery,CB,36,0.7777777777777778,8.416666666666666,6,0,141.31944444444443,4.249069338413285,2.3977415355599816,0.5555555555555556,0.3939393939393939,8.994999938541007,6.0054789626013285,5.899966307944966,3.4111118931576896,53.95647588156644,114.50166432148376,0.500163010340836,54.22558945697329,21.24186714259468,2.46671435815367,3.884906623743607,0.6614670717339638,0.116310706043814,True
52527,Mykal Walker,ILB,24,0.75,10.125,4,0,146.35416666666669,3.975746035108282,3.014964067345501,0.4583333333333333,0.5,5.109165688355738,6.053021947200431,4.7367945487064835,1.8818075378880936,35.913658873320244,65.25041188820764,0.5990813817859343,45.62819761416277,8.671735484034336,3.32489971367346,3.9948216019075344,0.7513064908685911,-0.001306490868591137,False
55912,Quan Martin,FS,24,0.9166666666666666,13.875,2,0,146.52777777777777,5.4966988560984165,3.7066117787232655,0.8333333333333334,0.55,6.729583342870072,6.143398470029934,5.251067884353237,3.182570687977839,44.32918661341358,78.81094437419237,0.6885277917078204,39.62018827532964,23.999953737524702,3.430951663284431,5.005030751338991,0.7469917282994385,0.16967493836722813,True
47877,Jamel Dean,CB,55,0.7272727272727273,10.672727272727272,7,0,146.74242424242425,3.4311248593198376,2.7191765362771854,0.509090909090909,0.37037037037037035,11.507999940351995,6.415295980356433,5.459468497454008,2.8589330061291642,50.346597147598054,91.53474866924331,0.5581605055307022,50.17973570307857,15.259741066343759,3.21890199822896,4.311515261521958,0.6643430503912311,0.0629296768814962,True
55931,Sydney Brown,SS,17,0.8235294117647058,10.0,2,0,147.54901960784315,4.024460927067632,2.7648353218391297,0.47058823529411764,0.4375,8.008823619169345,6.959459075455461,4.901323157075499,3.268238531987597,33.42565591068476,54.28489550243785,0.7243533541959475,35.28305723831602,2.7140280743679757,4.581324378034036,3.4383998340314577,0.6333805227723147,0.19014888899239113,True
49410,Jalen Thompson,FS,28,0.7857142857142857,10.892857142857142,3,0,147.76785714285714,4.4245437709558395,3.690416825511171,0.6071428571428571,0.5769230769230769,10.01642813001357,7.031144681184738,4.731262237721823,2.549092377415442,40.619062247195565,63.44255325399174,0.6318628349359415,46.391045481230066,-2.3851812648643147,3.9033624479142865,4.580960139371061,0.7016437338246503,0.08407055188963541,True
53494,Andre Cisco,FS,18,0.7222222222222222,11.666666666666666,2,0,147.91666666666669,4.151218272141597,2.4547421755069934,0.5,0.23529411764705882,9.953888760672672,6.818209150645225,4.953632000461678,3.217158876773606,36.020432094832486,61.20816912298163,0.8087405982879667,28.191683216194967,-5.360428715536604,4.699915608448467,3.2899085377527517,0.6798193399253438,0.042402882296878386,True
42543,Quandre Diggs,FS,17,0.7058823529411765,13.0,2,0,152.2058823529412,5.9393692430954586,4.78608385017531,0.8823529411764706,0.6666666666666666,11.775294472189527,6.17727837935682,4.093092931307695,2.4761069852954853,29.47814844282806,42.79475979063069,0.7614585747390211,29.762338138422592,-0.7747456349722951,4.2980100713801574,5.899156324330441,0.6634452359909601,0.04243711695021646,True
56353,Starling Thomas V,CB,34,0.9117647058823529,11.882352941176471,5,0,155.75980392156862,4.4910468040949345,2.8376224901842333,0.6470588235294118,0.2727272727272727,11.234706205480215,7.121418440918675,5.605626712708322,3.589733710226012,42.88546546984859,79.96356922372179,0.6793203227884855,39.46420330222646,-1.7715568722932469,4.247605180355325,3.4652008806563654,0.7040418708081946,0.20772283507415834,True
56074,Tre Hawkins III,CB,23,0.8695652173913043,14.0,3,0,158.33333333333331,4.137804616461357,2.9446963967947912,0.5217391304347826,0.4,11.149130489515246,7.115239376122435,4.5305021032001545,2.6755785788760553,37.31976127144407,49.7025369530187,0.6763653574578071,40.50943772143854,4.43568027492335,4.6152525344510025,3.2600785330283486,0.654811650041444,0.21475356734986029,True
46711,Ryan Neal,SS,19,0.9473684210526315,17.105263157894736,3,0,158.33333333333331,4.561508575188794,3.8383582182339016,0.6842105263157895,0.7222222222222222,9.127367923134242,5.820647176719903,4.492187810984511,1.7405529984731938,38.11607449844913,60.88649062362503,0.3739920868549774,62.044432004783765,1.7067286046379218,2.338779245094531,5.148055696751242,0.7323784031813831,0.21499001787124838,True
