target_nfl_id,target_name,route_of_targeted_receiver,team_coverage_man_zone,plays,catch_rate,yards_per_target,passer_rating,interception_rate,mean_air_yards,separation_at_throw_yd,separation_at_arrival_yd,separation_change_yd,open_rate_at_throw,rec_cod_total_deg,rec_accel_burst_yps2,cov_cod_total_deg,cov_pursuit_efficiency
44835,Evan Engram,HITCH,ZONE_COVERAGE,40,0.825,6.475,93.64583333333334,0.0,3.4137505531310985,4.718155867628565,3.660426693748795,-0.8997609586442369,0.8,37.846471568996165,-0.27829773609381026,40.24315759461055,0.20809301834294625
43454,Tyreek Hill,POST,ZONE_COVERAGE,33,0.696969696969697,14.787878787878787,107.1969696969697,0.06060606060606061,14.753938848322091,3.094460071084173,3.6767585661722637,0.5822984950880905,0.48484848484848486,39.76196257125933,-0.6504352708619886,46.17023421256296,0.5024917697840743
41282,Davante Adams,HITCH,ZONE_COVERAGE,32,0.8125,7.5,82.29166666666666,0.0625,7.029375076293937,3.606901457867134,2.450663285299924,-1.1215803951903793,0.59375,51.67888181810385,1.1682538113860397,56.40449224973084,0.452788873468716
46095,Calvin Ridley,HITCH,ZONE_COVERAGE,31,0.7419354838709677,9.870967741935484,115.79301075268818,0.0,10.80580643684632,3.6561255381977373,2.338824223231397,-1.317301314966339,0.5806451612903226,86.91477004336585,0.6547453869312455,96.25156891737949,0.27689528369680744
52474,Antonio Gibson,FLAT,ZONE_COVERAGE,31,0.9032258064516129,5.193548387096774,74.86559139784946,0.03225806451612903,-1.9061294678718808,10.05701844932908,6.580807819099915,-1.4723485957339868,1.0,13.242341180878931,-0.36826502504767944,25.982789317369225,0.35183354904792563
55872,Bijan Robinson,FLAT,ZONE_COVERAGE,30,0.6666666666666666,4.366666666666666,75.83333333333333,0.0,-1.295667139689133,10.575228838892922,5.510198724738097,-2.2032626017888175,1.0,23.28719640298402,-0.6280958188798778,53.78375493495962,0.25231881681149354
47834,A.J. Brown,HITCH,ZONE_COVERAGE,29,0.8275862068965517,9.413793103448276,105.89080459770115,0.0,7.7010341512745795,3.7755817192732453,2.511217916600816,-1.2643638026724298,0.6896551724137931,67.67463701859019,1.8464241842933042,73.26110342759787,0.4512992147597762
40488,Adam Thielen,HITCH,ZONE_COVERAGE,28,0.8571428571428571,7.964285714285714,99.85119047619048,0.0,5.591071401323595,4.441490201637859,3.100969162630906,-1.3417889328285237,0.8214285714285714,40.258227667638074,-0.0318205525196991,49.42748174106553,0.4913097103568279
40011,Travis Kelce,HITCH,ZONE_COVERAGE,28,0.8214285714285714,7.642857142857143,110.41666666666667,0.0,4.869642938886391,4.482724273896375,3.6593490497716874,-0.5087033281380672,0.7142857142857143,21.587440552944713,-0.16228082689580267,43.975587782578685,0.1957039743295581
52442,Michael Pittman,HITCH,ZONE_COVERAGE,27,0.8148148148148148,8.25925925925926,101.08024691358024,0.0,6.823333033808954,3.7064384943115156,2.6366344395472106,-0.8142705670791259,0.48148148148148145,50.87178450949472,-0.02759232183432027,70.36621145772531,0.1679795999967428
42347,Amari Cooper,HITCH,ZONE_COVERAGE,26,0.6923076923076923,8.153846153846153,93.75,0.0,8.227692017188444,3.6187739311652076,2.1848093834832074,-1.4339645476819993,0.5769230769230769,50.24094132666828,0.4757117714523099,59.881329021306826,0.5688192411040288
54475,Garrett Wilson,HITCH,ZONE_COVERAGE,26,0.7692307692307693,6.769230769230769,78.36538461538461,0.038461538461538464,5.652307583735539,3.7372138402271804,2.463092754993357,-1.2741210852338236,0.6538461538461539,63.046637574525974,0.019224195338313262,55.00148150259975,0.27010859850357005
44841,David Njoku,FLAT,ZONE_COVERAGE,26,0.7692307692307693,6.923076923076923,95.03205128205127,0.0,1.9442305198082694,6.763859291423102,4.083207688686898,-2.5316555916783234,0.9230769230769231,14.41047702319859,-0.32942212770049034,36.944386885857085,0.5966664037369673
54556,Rachaad White,FLAT,ZONE_COVERAGE,25,0.96,5.76,90.66666666666666,0.0,-2.299200286865245,9.23407662365689,6.806328337789722,-1.3445554723966942,1.0,15.646553782045228,-0.9010806242936057,40.40001363764012,0.4791792614433073
53463,Elijah Moore,HITCH,ZONE_COVERAGE,25,0.64,7.92,88.41666666666667,0.0,10.479199981689453,4.7884855514418225,3.739560875747897,-1.0119155611929613,0.8,55.706992413420224,0.5497071360019787,75.15768936062764,0.42188130049712885
42412,Tyler Lockett,HITCH,ZONE_COVERAGE,25,0.88,9.16,104.83333333333333,0.0,8.572400207519525,4.64080260437344,2.470376174776256,-2.170426429597184,0.8,60.690545243201335,0.7156717100451598,68.80676043295063,0.2725121888351505
42489,Stefon Diggs,HITCH,ZONE_COVERAGE,24,0.8333333333333334,7.541666666666667,98.09027777777779,0.0,6.2929163773854455,3.766046480295632,2.8452078023438667,-0.9208386779517648,0.5833333333333334,60.70522291344909,0.695057006182115,71.71658580795857,0.2699565282686284
56042,Puka Nacua,HITCH,ZONE_COVERAGE,24,0.875,8.708333333333334,102.9513888888889,0.0,6.4683337211608825,4.1651620497880115,2.9389675307660132,-1.3784115374720591,0.7916666666666666,53.74910199964943,0.7260449107628427,53.989845459964,0.18704904584284446
53541,Amon-Ra St. Brown,OUT,ZONE_COVERAGE,24,0.7916666666666666,7.5,94.44444444444443,0.041666666666666664,6.843333005905134,3.150258241568349,2.7913680525816686,-0.3588901889866804,0.4583333333333333,36.447832910266975,1.056324025363959,39.8219351589433,0.7824268777040392
47911,Tony Pollard,FLAT,ZONE_COVERAGE,23,0.8695652173913043,3.347826086956522,80.61594202898551,0.0,-0.6165218353271437,8.620813032365055,4.299442453379122,-2.802657803875153,0.9565217391304348,12.440160762556236,-0.6502753249241809,32.87981396053227,0.6965140233685506
55887,Jordan Addison,OUT,ZONE_COVERAGE,23,0.782608695652174,6.869565217391305,95.28985507246377,0.0,8.145217149153982,4.204019084905591,2.722313499253187,-1.4817055856524035,0.6956521739130435,42.09357283294584,0.6825503414875027,52.433416009231195,0.5880900667137183
47847,DK Metcalf,HITCH,ZONE_COVERAGE,23,0.9130434782608695,12.304347826086957,117.93478260869566,0.0,7.770869213601811,4.612244133151312,3.1925522908174266,-1.4196918423338827,0.782608695652174,64.52584905835475,0.7265005400339608,49.561093157455346,0.4096698210023927
44896,Chris Godwin Jr.,OUT,ZONE_COVERAGE,23,0.782608695652174,9.130434782608695,104.71014492753623,0.0,7.730869376141095,3.8261346958194036,3.4814625118796245,-0.3446721839397801,0.6521739130434783,39.19298847746499,0.8415089254213816,49.3795655225174,0.5574032042524851
41233,Mike Evans,OUT,ZONE_COVERAGE,23,0.6956521739130435,6.913043478260869,88.8586956521739,0.0,8.146956568178929,3.884791829977022,2.7915035349771005,-1.0932882949999214,0.5217391304347826,45.63226560380443,0.20114599830112004,60.4170823338837,0.5745749965341297
53541,Amon-Ra St. Brown,HITCH,ZONE_COVERAGE,23,0.8260869565217391,7.6521739130434785,113.04347826086956,0.0,5.914348353510333,4.275149453485451,2.809499028576575,-1.5194499707507538,0.782608695652174,45.25050670776335,0.5470061184377775,58.15479320479462,0.5609343512735934
54716,Isiah Pacheco,FLAT,ZONE_COVERAGE,23,0.9565217391304348,4.391304347826087,84.96376811594203,0.0,-2.8447829536769875,10.978988424154736,5.698243646035508,-2.0965506506864857,1.0,15.621079100361118,-0.6490715795858658,44.646775518761956,0.5254916077419216
40024,Keenan Allen,HITCH,ZONE_COVERAGE,23,0.9130434782608695,8.217391304347826,100.9057971014493,0.0,5.268261660700261,4.30025719556603,3.4924386715782343,-0.8078185239877957,0.8260869565217391,47.301927928022124,-0.32015661845164617,53.09855468599163,0.2902823438632256
54621,Jerome Ford,FLAT,ZONE_COVERAGE,22,0.8181818181818182,7.090909090909091,126.51515151515152,0.0,-0.7090910131280993,8.438032070435147,4.8322429153688695,-2.5608670114560796,1.0,14.60492222321135,-0.27957959189578707,33.22901806594281,0.6575248209566569
44927,Samaje Perine,FLAT,ZONE_COVERAGE,22,0.9545454545454546,6.909090909090909,95.45454545454545,0.0,-1.1622725400057583,10.40936311987546,7.005619929597278,-1.4766668435642003,0.9545454545454546,16.58121898060024,-1.0396200297675984,39.87437856145068,0.3843044855057586
55886,Zay Flowers,HITCH,ZONE_COVERAGE,22,0.7272727272727273,5.409090909090909,85.22727272727273,0.0,7.063181790438559,3.7590104588787283,2.7313120728883162,-1.0276983859904127,0.5909090909090909,53.88583327062375,1.28337512727842,44.95983268083185,0.31269463096018074
53555,Chuba Hubbard,FLAT,ZONE_COVERAGE,22,0.9545454545454546,5.590909090909091,89.9621212121212,0.0,-1.8890906247225532,11.06475478436527,6.618491544099901,-3.2017845692616618,1.0,19.656673762952483,-0.9703961461352063,37.105902265013746,0.6422091332619059
45573,Austin Ekeler,FLAT,ZONE_COVERAGE,21,0.8095238095238095,5.714285714285714,90.47619047619048,0.0,-3.212380454653796,10.415785725156988,7.176478756725849,0.1526394059828203,1.0,16.42015455481294,-0.571846454387436,47.129846508145135,0.2679621904242668
53439,DeVonta Smith,HITCH,ZONE_COVERAGE,21,0.8571428571428571,9.666666666666666,106.94444444444444,0.0,8.123332795642678,3.9495974872456023,3.0076731746675143,-0.9419243125780875,0.6190476190476191,61.762154667254585,0.9027476197327233,75.67651452306788,0.3270759396931083
40488,Adam Thielen,OUT,ZONE_COVERAGE,21,0.7619047619047619,4.9523809523809526,86.21031746031746,0.0,6.004761832100998,2.698433143403119,2.7567069984455914,0.05827385504247264,0.3333333333333333,26.174003757338294,1.3553244312392425,38.864190464241446,0.7659671029985052
54905,Jaylen Warren,FLAT,ZONE_COVERAGE,21,0.8571428571428571,3.4761904761904763,81.15079365079364,0.0,-2.886191141037714,9.309609798445953,4.215234969577768,-2.5274913087600765,0.9523809523809523,19.17546881009735,-0.3924779768198875,24.96896261679837,0.6192682241716706
44841,David Njoku,HITCH,ZONE_COVERAGE,21,0.7619047619047619,8.857142857142858,102.48015873015872,0.0,4.474762235368995,4.323334784385041,2.948175237588144,-1.3212369489441353,0.7142857142857143,34.10571319561697,-1.0721261506718105,37.042455286644746,0.47713818175925826
44820,Christian McCaffrey,ANGLE,ZONE_COVERAGE,21,0.9047619047619048,8.0,80.15873015873015,0.047619047619047616,2.5552378154936233,5.485261249863703,3.824503168270352,-1.1983733172998556,0.8095238095238095,27.147322062616997,0.24271694154341053,34.84368429851019,0.40576036662852316
47849,Diontae Johnson,OUT,ZONE_COVERAGE,20,0.75,8.45,99.79166666666667,0.0,10.084499931335454,3.387251477823252,2.3670577349323154,-1.0744112786689388,0.6,53.68907980314786,1.3555396890436504,71.92435125272088,0.6444134351194389
54475,Garrett Wilson,OUT,ZONE_COVERAGE,20,0.75,6.35,91.04166666666667,0.0,7.7715005874633745,3.4611941723417496,3.02538080942564,-0.49661725392481315,0.5,46.976786525126,0.6511821582151989,47.0038152890627,0.6728505683543631
53484,Pat Freiermuth,HITCH,ZONE_COVERAGE,20,0.75,7.05,93.95833333333333,0.0,5.77850017547607,4.691034886135696,3.3089596627487694,-1.2030024764416993,0.85,32.38063167241213,-1.4002766033722418,40.92107515032348,0.386636417485308
54476,Chris Olave,HITCH,ZONE_COVERAGE,20,0.85,7.65,115.20833333333333,0.0,6.894999694824236,4.295099485339366,3.2834443472830914,-1.5259827606911227,0.75,68.43733640066436,1.9904040758825015,50.54375613273114,0.6563252150699521
48097,Jakobi Meyers,HITCH,ZONE_COVERAGE,20,0.65,6.35,61.875,0.05,8.933500003814716,3.32458760635875,2.663418662211769,-0.6611689441469807,0.5,46.31844199269561,0.9953736483220709,56.07777491367648,0.4151686201916557
54473,Drake London,HITCH,ZONE_COVERAGE,20,0.7,7.3,69.99999999999999,0.05,7.822500514984133,4.0876471516385955,2.157845297756594,-1.9298018538820016,0.75,44.32505440443127,-1.0007936346720565,78.53440517194387,0.270581113210835
56042,Puka Nacua,IN,ZONE_COVERAGE,20,0.55,8.95,45.625,0.1,11.030999946594218,3.1768747997707276,2.808081441635638,-0.40932950008709434,0.5,33.26080846749862,0.8991427087732294,33.498296198849644,0.4315865826888122
44860,Joe Mixon,FLAT,ZONE_COVERAGE,20,0.8,4.4,85.0,0.0,-2.8719999790191553,9.506048064502794,5.340141037109695,-2.8175271764686003,0.95,18.536836779408038,-0.4350748045777448,48.08614114052506,0.646043030107462
53464,Javonte Williams,FLAT,ZONE_COVERAGE,20,0.7,4.35,78.54166666666666,0.0,-3.0425001144409145,10.830268952977544,7.205575969786629,-0.9502261180268592,0.95,16.375944765843624,-0.315030721464121,47.76030432588974,0.35275042504607534
44879,Alvin Kamara,FLAT,ZONE_COVERAGE,19,0.9473684210526315,4.578947368421052,85.74561403508771,0.0,-2.770000156603389,9.461147147967992,5.886580977903727,-2.977260148372663,1.0,18.72144058577104,-0.1300426621307099,33.659592931274226,0.5039785622115915
55899,Sam LaPorta,HITCH,ZONE_COVERAGE,19,0.8947368421052632,8.842105263157896,103.50877192982458,0.0,4.687368493331117,5.719340554928922,3.492239524184405,-1.8634515404110332,0.8421052631578947,45.53871547949028,-0.40878345112114406,58.36223162717192,0.47946232584573484
52425,CeeDee Lamb,HITCH,ZONE_COVERAGE,19,1.0,10.421052631578947,110.08771929824562,0.0,6.06473661723889,4.387321736532685,3.346642517799887,-1.0406792187327973,0.6842105263157895,48.1234922078582,1.9068202780026493,79.12849329455534,0.3425409304012133
53454,Travis Etienne,FLAT,ZONE_COVERAGE,19,0.8421052631578947,5.631578947368421,90.13157894736842,0.0,-1.8268416555304363,9.12536875989066,4.556328359946719,-2.5799803610066365,0.9473684210526315,13.745833919999658,-0.4675937526208388,28.234967261381517,0.7014274784228958
39973,DeAndre Hopkins,OUT,ZONE_COVERAGE,19,0.7894736842105263,7.631578947368421,98.46491228070175,0.0,8.369473909076897,3.706207129825343,2.455536164645579,-1.2506709651797636,0.6842105263157895,40.20502081737569,-0.13085982243042407,48.49057212019041,0.6440902924364147
47859,Terry McLaurin,HITCH,ZONE_COVERAGE,19,0.7894736842105263,8.526315789473685,80.26315789473685,0.05263157894736842,7.966315721210684,3.5405192663317124,2.5231616913486534,-1.0207961206689686,0.631578947368421,46.20671275301664,0.9650266813113644,56.09327741297108,0.32831175576989874
47791,T.J. Hockenson,FLAT,ZONE_COVERAGE,18,1.0,4.222222222222222,84.25925925925925,0.0,0.9316673278808619,7.055691708832402,4.981993222741596,-2.006507841538153,0.9444444444444444,12.795338239746659,0.3806765831060461,38.558832659703995,0.6462177973584726
54517,George Pickens,HITCH,ZONE_COVERAGE,18,0.9444444444444444,9.444444444444445,106.0185185185185,0.0,7.091111289130323,4.6677425974092,2.79440491533826,-1.8733376820709404,0.8888888888888888,34.06626966339583,1.1982776195412386,66.73930144947442,0.5182144860255299
55944,Josh Downs,HITCH,ZONE_COVERAGE,18,0.7777777777777778,5.888888888888889,91.20370370370371,0.0,3.43222204844155,4.165562792921239,2.705090296940385,-1.3208424449778835,0.7222222222222222,37.12287645365926,0.0748632735190763,47.57740974363508,0.5983866214852804
42347,Amari Cooper,GO,ZONE_COVERAGE,18,0.3888888888888889,15.88888888888889,84.02777777777779,0.16666666666666666,22.916111310323075,2.2538029118240988,1.9518812270838675,-0.3019216847402309,0.2222222222222222,27.868256404273463,0.46146733773061777,33.08156745845238,0.7322727168671195
41246,Brandin Cooks,HITCH,ZONE_COVERAGE,18,0.7222222222222222,7.388888888888889,69.9074074074074,0.05555555555555555,7.807777934604222,4.051328441946809,2.9838782729709954,-1.0674501689758127,0.7222222222222222,56.3051509758524,1.6146399361788004,65.46385453702632,0.3438020470600063
55889,Dalton Kincaid,FLAT,ZONE_COVERAGE,18,0.9444444444444444,5.555555555555555,89.81481481481482,0.0,0.5366672939724333,7.163815705960441,5.337067569046992,-1.4895052196080003,1.0,9.515210925941494,0.1197407274677176,28.974120267851298,0.5352253746605643
44879,Alvin Kamara,ANGLE,ZONE_COVERAGE,18,0.9444444444444444,8.11111111111111,118.9814814814815,0.0,1.2066670523749445,6.973630156927417,3.526230770658355,-2.254788010471516,1.0,18.743851191052755,-0.5283564694047075,25.600910242570578,0.44918133449184655
55904,Jonathan Mingo,HITCH,ZONE_COVERAGE,18,0.6111111111111112,4.722222222222222,72.68518518518519,0.0,6.467777676052528,3.408182826004354,1.8389465053110017,-1.569236320693352,0.5555555555555556,73.55097331911958,1.4552439029723814,65.0863389109465,0.5800228941800782
39973,DeAndre Hopkins,GO,ZONE_COVERAGE,18,0.2777777777777778,11.166666666666666,71.06481481481482,0.1111111111111111,27.383888403574645,2.0898898810018554,1.2947455980277582,-0.7951442829740974,0.16666666666666666,32.21988105460327,0.5981856865882192,31.25468437367322,0.8316480621664556
41282,Davante Adams,OUT,ZONE_COVERAGE,17,0.7647058823529411,7.764705882352941,98.16176470588235,0.0,7.97058817919564,3.5756060518906425,2.6477529161759223,-0.9278531357147202,0.5882352941176471,46.447808949253584,1.595316919198799,62.42041309396063,0.6726841783254955
46071,Saquon Barkley,FLAT,ZONE_COVERAGE,17,0.8235294117647058,4.117647058823529,78.92156862745098,0.058823529411764705,-0.029999901266718778,10.08130983049632,7.269936865223214,-2.5049265712625703,0.8823529411764706,22.026274655368056,-0.6027019068033501,41.88989428449273,0.5380484969476782
44927,Samaje Perine,ANGLE,ZONE_COVERAGE,17,0.9411764705882353,8.941176470588236,103.921568627451,0.0,0.8805883071001813,8.441291353603756,4.333203733983816,-2.121365119916129,0.9411764705882353,19.90882166877983,-0.8192733186113985,27.81565268956906,0.43174005561569206
41282,Davante Adams,HITCH,MAN_COVERAGE,17,0.4117647058823529,3.764705882352941,52.083333333333336,0.0,6.875882653629041,2.513487262478485,1.5191516542001076,-0.9943356082783775,0.23529411764705882,46.17590008555768,1.597049498484526,29.431605906671585,0.6729371581323211
47791,T.J. Hockenson,HITCH,ZONE_COVERAGE,17,0.8235294117647058,7.823529411764706,74.75490196078431,0.058823529411764705,5.595882135279039,5.863937982793445,3.2610153142062566,-1.8584902045517244,0.8823529411764706,26.860034416867567,-0.7602074286642302,26.071483639162313,0.2435672091244375
46093,DJ Moore,HITCH,ZONE_COVERAGE,17,0.8823529411764706,7.352941176470588,97.30392156862744,0.0,6.011176614200362,4.126999621172793,2.494981742426388,-1.6320178787464044,0.7647058823529411,30.66288000537643,0.5416029414729353,57.252625634205636,0.43162208828556353
43399,Tyler Higbee,FLAT,ZONE_COVERAGE,17,0.8823529411764706,8.235294117647058,100.98039215686273,0.0,2.2558823753805584,6.002287747739094,5.278082016705472,-0.6564869112192877,0.9411764705882353,10.123081081499764,-0.3734521649878464,31.176599495208265,0.524530428237514
53453,Najee Harris,FLAT,ZONE_COVERAGE,17,0.8823529411764706,2.8823529411764706,79.16666666666666,0.0,-2.2182356890510286,8.527510390751283,3.571917593773525,-2.907737383668979,0.8823529411764706,13.613447320111261,-0.3897978926927326,35.78098491520956,0.6944306890596362
43344,Tyler Boyd,HITCH,ZONE_COVERAGE,17,0.8235294117647058,6.176470588235294,92.40196078431372,0.0,5.156470354865586,3.9414244852507103,2.9312276225853227,-1.0101968626653874,0.5294117647058824,28.75707303342684,0.6271498502253462,35.812629884902876,0.6964392459305422
52536,Gabe Davis,HITCH,ZONE_COVERAGE,17,0.7058823529411765,11.058823529411764,146.20098039215688,0.0,11.81352963167076,3.6947689855987087,2.9332624360190724,-0.7615065495796365,0.5294117647058824,64.42966884098827,0.5858575216705755,74.86374108782026,0.29468160636359386
42412,Tyler Lockett,OUT,ZONE_COVERAGE,17,0.7647058823529411,8.352941176470589,76.1029411764706,0.058823529411764705,9.147058486938471,4.243621588377827,3.0736084220826236,-1.1700131662952038,0.7647058823529411,45.33162771946087,0.16141985146322366,61.33990658363526,0.5255250703853198
47808,Marquise Brown,HITCH,ZONE_COVERAGE,17,0.8823529411764706,7.0588235294117645,96.07843137254902,0.0,7.0335291694192295,3.4867491346510944,2.552089450308998,-0.934659684342096,0.6470588235294118,57.26566810743855,1.178677552981482,49.37799463743822,0.4206352590959183
53541,Amon-Ra St. Brown,CROSS,ZONE_COVERAGE,16,0.75,10.5,82.29166666666666,0.0625,5.860624551773075,5.114991560824974,4.02964623088629,-1.2915015174437403,0.8125,12.51803598064621,-1.1011112703493127,23.6524501777373,0.25192842511505564
54597,Romeo Doubs,OUT,ZONE_COVERAGE,16,0.75,8.0625,98.17708333333334,0.0,11.569375038146969,4.828868758627245,3.201534276049201,-1.6273344825780445,0.75,53.53043500818309,0.5485009813156267,65.00125521877814,0.59343126708328
54501,Breece Hall,ANGLE,ZONE_COVERAGE,16,0.875,10.3125,130.46875,0.0,0.5399994850158625,7.6373339064435015,3.7118403860677693,-2.037728979165952,0.9375,27.65083182739322,-0.8916695457015668,28.07580897804731,0.5292731127713611
54475,Garrett Wilson,GO,ZONE_COVERAGE,16,0.125,4.0,17.708333333333336,0.0625,23.335625335574125,2.3499295588159352,0.9721079437956893,-1.3778216150202462,0.25,30.157128092273755,0.6744473232254857,27.59036873140474,0.840725162925674
41233,Mike Evans,GO,ZONE_COVERAGE,16,0.3125,11.6875,90.36458333333334,0.0625,33.38749976456167,1.8648859378519045,1.3316665946854658,-0.5332193431664388,0.125,26.50876783861642,0.8724442635024586,36.69722049465391,0.9260500605928399
52425,CeeDee Lamb,SLANT,ZONE_COVERAGE,16,0.875,12.8125,139.58333333333331,0.0,6.133749842643731,3.3234448547013993,2.0026629986619833,-1.3890929614812713,0.5625,20.511108708162013,0.7341245754641548,32.736699433455975,0.7275400331365458
52425,CeeDee Lamb,OUT,ZONE_COVERAGE,16,0.6875,6.0625,58.59375,0.0625,7.024374246597282,4.493888895169691,2.971247541347814,-1.5562507726053239,0.8125,29.985248392800102,0.8658514355531024,46.241442557736356,0.8278665552876291
55899,Sam LaPorta,CROSS,MAN_COVERAGE,16,0.75,7.8125,97.13541666666666,0.0,3.4537503719329674,3.0184543802744743,1.995496635615217,-0.7443922258479172,0.3125,12.009455456060655,1.0689933661791788,17.75851872099177,0.758104469469271
40024,Keenan Allen,OUT,ZONE_COVERAGE,16,0.9375,9.875,107.8125,0.0,6.890624880790712,3.3858294440895795,3.0716718438789203,-0.31415760021065975,0.625,33.18788087790388,1.024824428863175,47.19554364526723,0.5366335977485681
52451,Cole Kmet,HITCH,ZONE_COVERAGE,16,0.8125,8.0625,74.21875,0.0625,7.438749790191632,3.8545824018370407,2.693040248441233,-1.161542153395808,0.8125,34.98734543211666,-0.5048045770197449,29.59044997802335,0.3593033172394158
41233,Mike Evans,HITCH,ZONE_COVERAGE,16,0.75,11.8125,87.76041666666666,0.0625,8.676875114440925,3.685300450489434,2.5872878822979337,-0.993236713396346,0.6875,58.14318562573253,0.6516921654765523,77.10718418174143,0.4566697415958008
53434,Ja'Marr Chase,OUT,ZONE_COVERAGE,16,0.75,7.4375,95.57291666666666,0.0,9.463124513626076,4.12569334488517,3.0674566906365244,-1.0582366542486459,0.875,64.84462159327573,0.5075382822790303,80.92266122958604,0.6528246390762238
47834,A.J. Brown,IN,ZONE_COVERAGE,16,0.8125,9.3125,105.46875,0.0,10.090000867843631,4.0445387291366846,3.7421247864521274,-0.30241394268455657,0.6875,32.05601611180983,0.4360129319774252,35.03332981049931,0.35866569944947
46095,Calvin Ridley,OUT,ZONE_COVERAGE,15,0.6666666666666666,6.8,85.97222222222221,0.0,9.89266586303713,2.748279243840207,2.0564296822735795,-0.6918495615666271,0.4666666666666667,48.989345635328256,0.9184932231990219,62.498220871840324,0.8100617559269109
52441,Tee Higgins,HITCH,ZONE_COVERAGE,15,0.7333333333333333,7.333333333333333,93.75,0.0,8.59600016276042,2.7017848087131218,2.4559354650408087,-0.24584934367231323,0.26666666666666666,33.23980044649008,0.11669455264659953,37.757876824323404,-0.11141029895580798
54563,Brian Robinson,FLAT,ZONE_COVERAGE,15,0.8,10.133333333333333,131.11111111111111,0.0,-0.545333353678385,7.768243509386195,4.552889920623995,-1.2239362917046244,1.0,14.482658266660772,-0.315025461564777,24.13251999684377,0.7276040909789845
55917,Zach Charbonnet,FLAT,ZONE_COVERAGE,15,0.8,2.7333333333333334,79.16666666666666,0.0,-2.929333241780601,11.165422630364278,7.134560435102461,-1.5640557962269126,1.0,21.162907246867622,-0.8472266688242996,41.65398418714522,0.5801634992428835
52443,D'Andre Swift,FLAT,ZONE_COVERAGE,15,1.0,4.466666666666667,85.27777777777779,0.0,-2.4093332926432405,9.339525842721688,5.437798270427138,-1.8280771974550933,1.0,18.91882589729937,-0.8254633006656397,57.940447549233035,0.5066938192124085
55876,Jahmyr Gibbs,FLAT,ZONE_COVERAGE,15,0.9333333333333333,3.3333333333333335,80.55555555555557,0.0,-2.8173339843750127,10.705757283943388,4.384971435087656,-3.170360101678832,1.0,11.901581167777291,-0.130194529017703,34.509824995889524,0.4136390390028459
53454,Travis Etienne,ANGLE,ZONE_COVERAGE,15,0.9333333333333333,8.866666666666667,103.61111111111111,0.0,1.4779998779296737,8.108051144742726,2.9670039156887573,-3.072784053827408,0.9333333333333333,24.417372672680752,-1.1075181454645922,51.54490624444312,0.7672954240924397
46116,Christian Kirk,HITCH,ZONE_COVERAGE,15,0.8,7.733333333333333,110.69444444444446,0.06666666666666667,5.067333730061842,4.045334640333675,2.9756920767940818,-1.2638254638987287,0.8666666666666667,23.20109965042785,-0.7990950568617293,40.92822477138905,0.305946694796664
41282,Davante Adams,SLANT,ZONE_COVERAGE,15,0.7333333333333333,7.8,67.91666666666666,0.06666666666666667,4.306666692097973,2.949754142902884,3.031867621479157,-0.6578875719982503,0.4,14.368685755566961,1.070249790103366,23.107039411609975,0.5318212946488476
54501,Breece Hall,FLAT,ZONE_COVERAGE,15,0.8666666666666667,8.666666666666666,102.77777777777777,0.0,-2.0126669565836335,9.104473731157134,6.841349133721255,-1.3445533659897169,1.0,11.143392699692786,-0.7174444062446944,42.05098510744158,0.43509668625331577
46150,Michael Gallup,HITCH,ZONE_COVERAGE,15,0.9333333333333333,10.2,109.16666666666666,0.0,6.785333633422861,4.321854205379638,2.847141207411084,-1.4747129979685547,0.7333333333333333,68.78561303050633,1.6832044482607436,73.6469075405719,0.43251937865056145
53433,Kyle Pitts,HITCH,ZONE_COVERAGE,15,0.8666666666666667,5.466666666666667,89.44444444444444,0.0,5.082667795817055,3.7165401728676746,1.983196083000301,-1.7333440898673733,0.6,25.511284410327686,-1.4382506811639257,32.69715793189017,0.5824455364257057
47847,DK Metcalf,SLANT,MAN_COVERAGE,15,0.4666666666666667,4.933333333333334,83.75,0.0,6.787333647410088,3.415932779344598,2.258651298441625,-1.157281480902973,0.4,14.122930524692544,0.2759971866985398,38.92619808535874,0.6202304157963852
42547,Darren Waller,HITCH,ZONE_COVERAGE,15,0.9333333333333333,8.133333333333333,100.55555555555556,0.0,4.540667088826486,4.00006871719509,3.0885705327553805,-0.91149818443971,0.6666666666666666,26.98577641491112,-0.510488682107665,26.545890695945452,0.3364337484879416
43454,Tyreek Hill,HITCH,ZONE_COVERAGE,15,0.8,7.533333333333333,98.05555555555556,0.0,7.8900009155273265,4.283705610542214,3.043721358182037,-1.2399842523601772,0.6666666666666666,52.961863906881,-0.4381923010206938,52.39831798553034,0.23710494509785432
55943,Tucker Kraft,FLAT,ZONE_COVERAGE,15,1.0,10.866666666666667,134.16666666666669,0.0,1.2393334706624255,6.9377644411929165,5.879007073103478,-1.2201585204019187,1.0,13.604715300268607,0.03132376154878772,33.84044984486391,0.6775422932941358
55889,Dalton Kincaid,HITCH,ZONE_COVERAGE,15,1.0,9.6,106.66666666666667,0.0,5.41600087483724,4.545831357854761,3.8014542452181,-0.7443771126366594,0.8666666666666667,35.03829445233769,-0.6923493116334072,48.45631017337134,0.2271510314268212
47849,Diontae Johnson,HITCH,ZONE_COVERAGE,15,0.6,7.533333333333333,83.47222222222221,0.0,9.391999308268232,4.876029278390622,3.281756548008764,-1.3210478158985752,0.8,60.68194682947568,0.9422950727897119,70.35054151263633,0.3932557492763138
47954,Darius Slayton,HITCH,ZONE_COVERAGE,15,0.6,6.133333333333334,49.86111111111111,0.06666666666666667,5.778666432698568,4.042183717293807,2.8681570671594567,-1.1740266501343501,0.6666666666666666,47.46166691076591,0.9914214981879816,44.96100969950951,0.3220850394645327
47834,A.J. Brown,SLANT,MAN_COVERAGE,15,0.8666666666666667,11.933333333333334,138.61111111111111,0.0,4.7746667861938334,2.6619019381314923,2.1615316283670656,-0.5003703097644268,0.3333333333333333,15.074993778479353,1.1823501631024342,26.653079310099407,0.7186368363225198
47819,Deebo Samuel Sr.,IN,ZONE_COVERAGE,15,0.8,17.4,140.9722222222222,0.0,11.04066626230878,3.757653394955699,4.0354365979944875,0.09593451506078947,0.5333333333333333,36.28512402653518,0.5619533507224268,52.497637909561945,0.48490012946358024
44852,Curtis Samuel,HITCH,ZONE_COVERAGE,15,0.8,7.466666666666667,97.77777777777779,0.0,5.499333190917965,4.860534153993702,2.834540849609264,-2.0259933043844374,0.8666666666666667,56.78130054270635,2.0242745360149503,53.9126981066461,0.5077790927009684
55876,Jahmyr Gibbs,ANGLE,ZONE_COVERAGE,15,0.8,5.066666666666666,60.0,0.06666666666666667,2.6833332061767794,5.449118414025006,2.8994817966109983,-2.0485644663083518,0.8666666666666667,34.66206689639187,-1.1783636476751687,23.804966619088596,0.75783983513563
55887,Jordan Addison,IN,ZONE_COVERAGE,15,0.6666666666666666,7.8,90.13888888888889,0.0,10.562666956583675,3.7797448692057003,2.375996320685139,-1.2215852109282708,0.6666666666666666,22.990548683106486,-0.5107739903061449,35.045028328129625,0.4950647820748041
54476,Chris Olave,OUT,ZONE_COVERAGE,15,0.8,8.333333333333334,101.3888888888889,0.0,9.964666748046893,3.1503484491314726,3.105512688802987,-0.04483576032848682,0.4666666666666667,47.597664245960004,0.2180757303653774,60.98003426100756,0.564420086817669
54520,Trey McBride,CROSS,ZONE_COVERAGE,15,0.5333333333333333,5.0,27.77777777777778,0.13333333333333333,9.375333786010753,5.4278660088571495,3.184783923887001,-1.6906062732718528,0.7333333333333333,13.975989739417464,-0.42268382438289875,33.056602477326685,0.7625802243084
42489,Stefon Diggs,OUT,ZONE_COVERAGE,15,0.8,8.066666666666666,72.5,0.06666666666666667,5.2113334655761605,3.1423997980523,2.7625597162941924,-0.3798400817581069,0.4666666666666667,31.59525929117671,0.8621183894944486,26.723163515966647,0.7686806071503894
44835,Evan Engram,OUT,ZONE_COVERAGE,14,0.7857142857142857,7.357142857142857,97.32142857142857,0.0,5.253571510314928,2.964875896981637,2.9678864006457752,0.00301050366413867,0.42857142857142855,26.149110385989868,1.2520926451842165,31.8922846498715,0.7600461845328421
55920,Rashee Rice,HITCH,ZONE_COVERAGE,14,0.8571428571428571,13.428571428571429,142.55952380952382,0.0,7.375713757106236,4.945154467368012,4.346741411259108,-0.5984130561089037,0.8571428571428571,37.16324383665411,-0.26178635074389084,45.06164298569475,0.14926584938815549
55934,Tank Dell,HITCH,ZONE_COVERAGE,14,0.7857142857142857,8.642857142857142,102.67857142857142,0.0,8.85571438925607,3.6395570630543452,2.8231328593347302,-0.8164242037196159,0.5714285714285714,77.28204191907561,0.7929417843711423,65.72431628260681,0.3280675165546133
53434,Ja'Marr Chase,HITCH,ZONE_COVERAGE,14,0.6428571428571429,7.071428571428571,55.35714285714287,0.07142857142857142,6.452142715454114,4.075903025796392,3.2405177848875626,-0.8353852409088286,0.7142857142857143,56.155925611176016,-0.02041399990101616,55.157732420266726,0.14183692097058337
44896,Chris Godwin Jr.,HITCH,ZONE_COVERAGE,14,0.9285714285714286,9.857142857142858,107.73809523809523,0.0,7.303571156093036,3.4551636622294626,3.098876897555371,-0.3562867646740924,0.5714285714285714,38.34192421975804,-0.21782159666396456,49.0704105807474,0.039902127733512156
52425,CeeDee Lamb,GO,ZONE_COVERAGE,14,0.5,11.642857142857142,116.07142857142856,0.0,25.498571123395667,2.519526746110849,2.890149758666611,0.37062301255576235,0.35714285714285715,28.19624335285481,1.3868057808334926,41.11144240612258,0.7504813107555794
52584,K.J. Osborn,HITCH,ZONE_COVERAGE,14,0.7857142857142857,9.357142857142858,105.65476190476191,0.0,7.72285747528077,3.886104033717402,3.0012568346396047,-0.8848471990777974,0.5714285714285714,57.394524112717725,2.196854756091788,54.28676877360879,0.44061162321254826
52433,Brandon Aiyuk,OUT,ZONE_COVERAGE,14,1.0,12.0,116.66666666666667,0.0,9.59785706656319,4.290748930761896,3.5659777326717603,-0.7247711980901362,0.7142857142857143,48.57378545991157,1.234113787002332,52.02466320794442,0.7037649301264867
46226,Tyler Conklin,HITCH,ZONE_COVERAGE,14,0.8571428571428571,7.428571428571429,67.85714285714285,0.07142857142857142,4.047143118722114,4.57363695803228,2.8102824253532153,-1.4094866406113806,0.8571428571428571,22.642368555631812,-1.4884460040034906,32.45951941649647,0.26378864353229203
41349,Logan Thomas,HITCH,ZONE_COVERAGE,14,1.0,7.142857142857143,96.42857142857143,0.0,3.4550001961844354,4.905469552364204,2.316272140005218,-2.188287558947438,0.8571428571428571,23.801499834689853,0.23409863816263998,30.154020555901315,0.8851567623864748
54520,Trey McBride,HITCH,ZONE_COVERAGE,14,0.7857142857142857,4.642857142857143,56.25,0.07142857142857142,4.0864287785121425,3.4173424076972556,2.4697266184977194,-0.9476157891995366,0.7857142857142857,19.62629221538794,-0.004453740157857425,32.91554122147498,0.34129635011309395
54597,Romeo Doubs,IN,ZONE_COVERAGE,14,0.5714285714285714,6.928571428571429,72.61904761904762,0.07142857142857142,12.760714530944844,2.9826842033517074,2.7618174825248647,-0.22086672082684328,0.5,43.059155724981444,1.272272545003919,48.503517394946535,0.7389814807647591
41290,Allen Robinson,HITCH,ZONE_COVERAGE,14,0.8571428571428571,8.071428571428571,100.29761904761905,0.0,6.131428854806093,3.9750052373582005,2.2878703524855375,-1.687134884872663,0.7857142857142857,41.90488230918938,1.8156447868675738,37.927941655598616,0.7428793314706328
54481,Jahan Dotson,OUT,ZONE_COVERAGE,14,0.7857142857142857,6.428571428571429,63.6904761904762,0.07142857142857142,7.4307147434779575,4.162609502001973,2.9903344668049567,-1.469049100713327,0.6428571428571429,38.753607731705124,0.8033855921617831,45.152275099636235,0.49056709304432883
55885,Quentin Johnston,GO,ZONE_COVERAGE,14,0.21428571428571427,6.785714285714286,55.35714285714285,0.0,25.864286422729485,1.80841138641081,1.8491999337109386,0.040788547300128965,0.14285714285714285,31.21358620515479,0.9647967749832386,44.16484692234279,0.7494632599953246
47834,A.J. Brown,GO,MAN_COVERAGE,14,0.42857142857142855,13.428571428571429,99.70238095238095,0.07142857142857142,24.337143080575107,1.438567445729257,1.0621576609643564,-0.3764097847649008,0.0,26.374532766003,0.8679975573848403,33.04649860057543,0.847395335325594
46093,DJ Moore,GO,MAN_COVERAGE,13,0.5384615384615384,19.615384615384617,138.6217948717949,0.0,27.82615401194651,1.4005521483758672,1.9080488684326145,0.5074967200567475,0.07692307692307693,19.09555461479186,1.268842526240491,27.168222428856623,0.9682094867291702
44881,Cooper Kupp,OUT,ZONE_COVERAGE,13,0.8461538461538461,8.76923076923077,128.84615384615387,0.0,8.349999501154945,4.003127769255726,4.069035423529175,0.06590765427344826,0.6923076923076923,38.068880833650844,0.7951266300812053,52.38797968071993,0.7926257507415955
52423,Jerry Jeudy,HITCH,ZONE_COVERAGE,13,0.9230769230769231,9.538461538461538,74.35897435897436,0.07692307692307693,7.716923640324515,4.641899981973108,4.437298884197968,-0.31396301687047234,0.7692307692307693,37.877103296754285,0.9226060669088318,62.97521420840369,0.4206526389300614
52433,Brandon Aiyuk,IN,ZONE_COVERAGE,13,0.6923076923076923,13.538461538461538,105.44871794871796,0.07692307692307693,14.325385130368737,3.6290938979050584,2.801875414278917,-0.827218483626142,0.6153846153846154,46.05262611265644,0.45162033918226946,51.90552375246204,0.4773237093611465
54528,James Cook,ANGLE,ZONE_COVERAGE,13,0.9230769230769231,6.846153846153846,95.1923076923077,0.0,0.4338462536151311,7.848735256144417,4.901439214680841,-2.1687080100461436,1.0,24.96519606837181,-0.5204892189723844,41.63402335847972,0.09256257863962315
47807,Josh Jacobs,ANGLE,ZONE_COVERAGE,13,0.8461538461538461,9.076923076923077,64.90384615384616,0.15384615384615385,2.0176915388841086,7.0260391087572645,5.289435007663992,-0.3401319874182543,0.9230769230769231,25.4364741792578,0.07558107154192631,33.127740282485284,0.3171956189658772
44896,Chris Godwin Jr.,CROSS,ZONE_COVERAGE,13,0.6923076923076923,8.076923076923077,93.42948717948718,0.0,4.73153891930213,4.7486272794836175,3.6338061799661467,-1.423368382644922,0.8461538461538461,10.310830833657734,-0.015804178227033214,29.43382221614297,0.6699579568554734
54571,Cade Otton,HITCH,ZONE_COVERAGE,13,0.7692307692307693,5.461538461538462,88.9423076923077,0.0,3.6499991783728913,5.5689409546124615,3.16172084576592,-1.9041330661551192,0.7692307692307693,34.234297849532105,-0.43409179781853446,29.376834965365493,0.3358253072036275
52425,CeeDee Lamb,OUT,MAN_COVERAGE,13,0.7692307692307693,9.615384615384615,106.25,0.0,5.843076852651745,2.160300189624508,3.492819615677266,1.3325194260527575,0.23076923076923078,26.418215970378697,1.70338380808145,39.881900620614346,0.578350221529841
55899,Sam LaPorta,IN,ZONE_COVERAGE,13,0.5384615384615384,5.3076923076923075,94.71153846153845,0.0,7.331538127018879,3.1064803112820547,2.4653300266609524,-0.6737023864298668,0.46153846153846156,23.858477996973008,1.4314693527022446,22.055498123419227,0.43166861724617583
56395,Emari Demercado,FLAT,ZONE_COVERAGE,13,0.8461538461538461,2.923076923076923,79.16666666666666,0.0,-2.3023080092209915,14.090485404823976,6.76353405894975,-3.938814575978802,1.0,15.940125854047087,-0.06564908260703618,22.37323990289615,0.4904757751445069
54597,Romeo Doubs,HITCH,ZONE_COVERAGE,13,0.9230769230769231,10.307692307692308,109.6153846153846,0.0,6.626153652484591,4.4184114235372665,2.761153972884208,-1.657257450653059,0.8461538461538461,69.0126644346015,0.7384601495466385,57.94645240944176,0.08518664858297423
39973,DeAndre Hopkins,HITCH,ZONE_COVERAGE,13,0.8461538461538461,9.76923076923077,107.37179487179486,0.0,7.589230317335858,4.078795914369121,3.269018688372931,-0.8097772259961905,0.6923076923076923,40.63816367820316,0.059418890567755955,54.450627255765134,0.42838665108011875
52442,Michael Pittman,OUT,ZONE_COVERAGE,13,0.7692307692307693,7.076923076923077,95.67307692307692,0.0,7.527692354642439,3.801005201771782,2.4748205575978144,-1.326184644173967,0.6923076923076923,41.43772878433097,0.676575823513233,43.48119429657223,0.8113292073940261
52494,Zack Moss,FLAT,ZONE_COVERAGE,13,0.7692307692307693,4.6923076923076925,85.73717948717949,0.0,-1.1576919555663825,9.163746465415318,4.4386093925427454,-2.7652275851729327,1.0,12.876495298190811,-0.9127809182757254,34.90785471153406,0.6968738203871379
53518,Nico Collins,HITCH,ZONE_COVERAGE,13,0.7692307692307693,12.461538461538462,157.69230769230768,0.0,10.923846464890717,4.022770421248357,2.6225294734397897,-1.565065825375542,0.5384615384615384,67.42257576204352,0.5739196067021766,81.69710292253006,0.35651931305104045
54594,Jake Ferguson,FLAT,ZONE_COVERAGE,13,0.9230769230769231,7.076923076923077,96.15384615384616,0.0,-0.5776922519390466,7.968085210000694,6.960751803538538,-0.5291010399175489,1.0,11.412287337976293,-0.6319594061697688,42.627782989434145,0.211280782687605
44856,Gerald Everett,HITCH,ZONE_COVERAGE,13,0.5384615384615384,4.461538461538462,65.5448717948718,0.0,4.397691873403701,3.9749303828657014,2.079051199191355,-1.8958791836743458,0.6923076923076923,44.67996267581444,0.24234878834772003,31.54241229262141,0.5300390619047571
53464,Javonte Williams,ANGLE,ZONE_COVERAGE,13,0.9230769230769231,6.0,91.66666666666666,0.0,2.1753840813270164,6.932739627605641,3.802154735622049,-2.7604733090749503,0.9230769230769231,20.724930966830854,-0.8247066394182988,24.159208376683637,0.8674507737171729
53536,Michael Carter,ANGLE,ZONE_COVERAGE,13,0.7692307692307693,3.769230769230769,81.89102564102564,0.0,1.4615386082575943,8.90397699261601,3.6001402168957575,-2.4839125532473814,1.0,16.693202681718567,-1.2611834129412602,42.3835437752832,0.6033718444899769
53435,Jaylen Waddle,IN,ZONE_COVERAGE,13,0.7692307692307693,10.615384615384615,110.41666666666667,0.0,8.064615396352945,3.8776914920405137,2.635816508066642,-0.8011624071085158,0.7692307692307693,43.86733727612613,1.0929802458527453,44.682918451016384,0.47271805026744823
42347,Amari Cooper,SLANT,ZONE_COVERAGE,13,0.6153846153846154,5.846153846153846,38.141025641025635,0.15384615384615385,6.244615261371292,2.9167988828555065,2.140493423883206,-0.7763054589723003,0.38461538461538464,17.38448846797111,0.6587196253951755,46.88943567205187,0.5929609949951138
54506,Kenneth Walker III,FLAT,ZONE_COVERAGE,13,0.7692307692307693,4.384615384615385,84.4551282051282,0.0,-3.726924309363707,10.0289410913717,5.352958748004972,-3.361698926575836,1.0,18.445370800802543,-0.9162324650901895,31.164347196088983,0.5639088614782396
54594,Jake Ferguson,OUT,ZONE_COVERAGE,13,0.6923076923076923,7.384615384615385,90.5448717948718,0.0,6.803846065814677,3.783305168689398,2.600041063716405,-0.7726358843003757,0.6923076923076923,33.486785720926406,0.5452505754736283,44.20331990388405,0.7226191243811041
47791,T.J. Hockenson,OUT,ZONE_COVERAGE,12,0.6666666666666666,7.583333333333333,89.2361111111111,0.0,5.819166501363173,3.0780808553344934,2.1411841719723586,-0.9368966833621348,0.5,32.33641073664735,1.0309393140419003,35.04381109994013,0.6385291807681531
52425,CeeDee Lamb,SLANT,MAN_COVERAGE,12,0.8333333333333334,11.083333333333334,112.84722222222223,0.0,5.273333231608059,2.3163765866104518,1.5434205777815209,-0.7729560088289308,0.25,14.175715712240724,1.6682254007712725,22.15288366453143,0.8352971311635761
42489,Stefon Diggs,POST,ZONE_COVERAGE,12,0.4166666666666667,7.583333333333333,28.819444444444446,0.16666666666666666,24.706665515899658,2.9653976959702297,2.348783007599708,-0.6275623078222402,0.5,29.15737467619231,0.6975497007603156,47.48674005344583,0.7335050970174258
52442,Michael Pittman,CROSS,MAN_COVERAGE,12,0.8333333333333334,5.5,89.58333333333334,0.0,2.644167264302583,3.041119081850626,2.2603644625454096,-0.3571314481665289,0.4166666666666667,8.305218984366029,0.6001870663544179,8.389050441256243,0.6181715545238398
52430,Justin Jefferson,IN,ZONE_COVERAGE,12,0.8333333333333334,17.333333333333332,146.52777777777777,0.0,11.26500002543132,3.0707750465666646,2.1539808119771413,-0.9167942345895232,0.5,46.221721269651376,0.5252006133449886,41.30509105004567,0.5113936429393938
44841,David Njoku,CROSS,ZONE_COVERAGE,12,0.5833333333333334,8.333333333333334,50.69444444444445,0.08333333333333333,7.4333337148030765,4.360157109699942,3.138119609664144,-1.394274643705889,0.6666666666666666,20.83096746081996,-0.849260780608991,31.805270579608838,0.7697919608105633
46243,Marquez Valdes-Scantling,HITCH,ZONE_COVERAGE,12,0.8333333333333334,10.916666666666666,139.93055555555554,0.0,8.574166297912608,5.810016796153742,5.050862718041256,-0.7591540781124874,0.8333333333333334,56.18526478481209,0.42134072175888654,58.20060751996246,-0.0010805062277660926
55899,Sam LaPorta,CROSS,ZONE_COVERAGE,12,0.5833333333333334,7.583333333333333,110.06944444444444,0.0,5.12999963760375,5.345929562621421,4.775643975291759,-0.11404127002049506,0.75,19.421515674876026,-0.23444054609472545,27.116783820129065,0.6721722493204749
54481,Jahan Dotson,HITCH,ZONE_COVERAGE,12,0.8333333333333334,8.333333333333334,129.16666666666669,0.0,8.237500031789141,3.7403255135654425,2.0901753563484404,-1.6501501572170019,0.75,46.74027493725123,2.697406237017527,40.932030004935434,0.67774571307632
47885,Alexander Mattison,FLAT,ZONE_COVERAGE,12,0.5833333333333334,2.4166666666666665,63.19444444444445,0.0,-0.3333326975504572,8.515924457887328,4.154172951153902,-3.0914037357533837,0.8333333333333334,32.67483744571557,-0.391016334300269,39.69523042483276,0.7441706329033545
54517,George Pickens,GO,ZONE_COVERAGE,12,0.6666666666666666,15.083333333333334,109.72222222222221,0.0,18.3816661834717,1.797893244848554,1.814301662355397,0.016408417506842982,0.16666666666666666,23.529659064042633,-0.10906096613487404,29.38936754807401,0.7642556211520853
48097,Jakobi Meyers,OUT,ZONE_COVERAGE,12,0.6666666666666666,8.0,90.97222222222221,0.0,8.78916613260906,3.2087819298423157,2.034808037620217,-1.1739738922220984,0.5833333333333334,47.44097374101077,0.6855185818532349,41.01979355812589,0.7941836542305524
54508,Wan'Dale Robinson,HITCH,ZONE_COVERAGE,12,0.9166666666666666,8.083333333333334,100.34722222222223,0.0,3.532500425974524,5.186539795632648,3.3726317159397228,-1.201756648828553,0.8333333333333334,20.654341186183068,-0.7568812134058364,34.34022660690665,0.36469766405223164
54577,Daniel Bellinger,FLAT,ZONE_COVERAGE,12,1.0,10.0,108.33333333333333,0.0,1.123333136240649,9.18953401682947,5.100360708988708,-3.4239700870719867,1.0,16.415822797788607,-0.21472743478068682,38.75509629043792,0.6357234522898602
54476,Chris Olave,GO,MAN_COVERAGE,12,0.5,13.916666666666666,100.69444444444444,0.08333333333333333,24.854999065399266,2.1668155368725377,0.9513650041339622,-1.2154505327385758,0.25,26.418108365129374,1.318977450939065,29.122754643111488,0.957469655194274
52441,Tee Higgins,IN,ZONE_COVERAGE,12,0.5833333333333334,9.833333333333334,91.66666666666666,0.0,11.02666695912678,3.7061245998397623,3.3815034221564417,-0.8756004707385161,0.6666666666666666,41.95303611695959,-0.07076495519908817,59.042374160592935,0.5931103628257814
53579,Kenneth Gainwell,FLAT,ZONE_COVERAGE,12,0.9166666666666666,3.25,80.20833333333334,0.0,-0.7433331807454421,9.115948588254136,4.493957439370816,-2.8070323539572573,0.9166666666666666,16.899301785200844,-0.3753424156924729,57.24776091157029,0.5512373735648656
54508,Wan'Dale Robinson,OUT,ZONE_COVERAGE,12,0.75,6.75,92.70833333333334,0.0,3.5316665967305507,4.461498812647457,2.9086669404072016,-1.1326693233869358,0.8333333333333334,26.707708485253942,0.9456977312418376,37.05707135256887,0.6392771411978917
43454,Tyreek Hill,CROSS,ZONE_COVERAGE,12,0.8333333333333334,6.25,57.986111111111114,0.08333333333333333,3.8533341089884403,4.737723814875674,3.6081474923597683,-0.20030808223678062,0.75,20.190382202500583,-1.1423915449969353,19.648557705063972,0.6332582744259646
52451,Cole Kmet,OUT,ZONE_COVERAGE,12,0.75,7.166666666666667,94.44444444444446,0.0,6.584999879201249,3.2809568702846685,2.5801176566488464,-0.700839213635822,0.5,19.60057486182424,-0.0884046368767623,23.342998255154573,0.7781558066115294
55980,Roschon Johnson,FLAT,ZONE_COVERAGE,12,0.9166666666666666,4.333333333333333,84.72222222222221,0.0,-2.7066666285196845,13.413440661990585,6.327822052702318,-2.6969726539482863,1.0,11.71155369915076,-0.7263162719896022,49.671889416748314,0.5560987933318762
43454,Tyreek Hill,OUT,ZONE_COVERAGE,12,0.5833333333333334,8.583333333333334,114.23611111111111,0.0,10.534166495005259,3.2011428400095543,2.9531879817817686,-0.2479548582277855,0.5833333333333334,60.66877061628693,0.2677629372052836,60.06281858880319,0.5366831630892611
55899,Sam LaPorta,OUT,ZONE_COVERAGE,12,0.6666666666666666,4.25,40.625,0.08333333333333333,6.430000543594363,2.856258390507794,1.8118548980264526,-1.0444034924813417,0.3333333333333333,33.77820850575435,1.1946886479766443,27.87772655903714,0.8367476846454701
53433,Kyle Pitts,OUT,ZONE_COVERAGE,12,0.3333333333333333,3.9166666666666665,11.458333333333337,0.08333333333333333,10.399999936421708,3.1222183752951835,1.732783571064212,-1.3894348042309719,0.5,47.72107370816886,0.7464509907344179,42.537895292599245,0.5365582405465921
47859,Terry McLaurin,CROSS,ZONE_COVERAGE,12,0.75,4.166666666666667,81.94444444444446,0.0,3.859999497731516,6.410261843850826,3.6333096481018887,-2.0904824241271047,1.0,12.852284738403435,-1.1538862729574173,30.043408886161235,0.6956259020483677
45185,Kendrick Bourne,HITCH,ZONE_COVERAGE,12,0.75,10.416666666666666,68.40277777777777,0.16666666666666666,6.650000254313141,3.2623724625577633,2.22861249202887,-1.0337599705288936,0.5,44.259463396095434,2.593094347148144,47.33914735373986,0.4830432589018822
46116,Christian Kirk,OUT,ZONE_COVERAGE,12,0.75,7.583333333333333,96.18055555555554,0.0,9.225000063578292,2.6927222478934305,2.551066631649579,-0.14165561624385198,0.5,37.33457159618902,1.2151295279045988,38.195523222162336,0.8483055789855113
46109,Courtland Sutton,OUT,ZONE_COVERAGE,12,0.9166666666666666,5.333333333333333,88.88888888888889,0.0,6.677500089009599,4.012478159185839,2.706594897653964,-1.305883261531876,0.75,37.1210519357497,0.9454020542292253,45.957235728763635,0.7523334556300755
41325,Jerick McKinnon,FLAT,ZONE_COVERAGE,12,0.8333333333333334,5.75,90.625,0.0,-0.5566666920979833,11.53415658307079,5.927914786617112,-1.0987174466393057,0.9166666666666666,23.054015764484745,-0.40876837845817793,43.67446054946088,0.3771298121426791
40011,Travis Kelce,OUT,ZONE_COVERAGE,12,0.8333333333333334,8.75,103.125,0.0,6.310833454132058,4.317433495556607,3.143460376826269,-1.173973118730338,0.75,40.36344180960674,0.8940973767441295,40.88168943311073,0.7157770532531478
53541,Amon-Ra St. Brown,IN,ZONE_COVERAGE,12,0.6666666666666666,11.333333333333334,132.6388888888889,0.0,9.774166742960617,2.8458330823493516,2.7667224818895932,-0.07911060045975767,0.4166666666666667,39.457530234202125,0.7354719496250309,37.70612748546921,0.5338665288311318
47836,Miles Sanders,FLAT,ZONE_COVERAGE,12,0.9166666666666666,3.75,82.29166666666666,0.0,-2.1900003751118917,10.523752847147788,4.843950883757913,-3.1791347693176806,1.0,19.59769598281089,-0.9528631737207952,50.91219734065568,0.34603914055436824
55934,Tank Dell,OUT,ZONE_COVERAGE,12,0.75,8.75,128.81944444444443,0.0,8.469166537125897,3.656830931042363,3.3562571873222424,-0.4173958656764796,0.5,40.22526116849766,0.41902453965608516,52.725562424191025,0.7115794990995178
46206,Dalton Schultz,FLAT,ZONE_COVERAGE,11,1.0,6.363636363636363,93.18181818181817,0.0,-1.5454538518732284,9.34339822441349,6.533526793351021,-1.1958311174861695,1.0,16.114617386085076,0.4994294648832543,47.05347371982705,0.5046827422269737
53518,Nico Collins,OUT,ZONE_COVERAGE,11,0.8181818181818182,10.545454545454545,110.60606060606062,0.0,9.474546259099771,3.79402882371276,2.6972635268064096,-1.0967652969063502,0.7272727272727273,51.06778384314961,1.1014755083131273,39.077387411959606,0.8480740485532682
46206,Dalton Schultz,HITCH,ZONE_COVERAGE,11,0.9090909090909091,7.363636363636363,97.34848484848484,0.0,5.1781819083473914,4.5285107284061725,3.620309539449495,-0.9082011889566783,0.7272727272727273,34.70739650529626,-1.4450145187112793,56.1436726152124,0.22513808770443544
46095,Calvin Ridley,GO,MAN_COVERAGE,11,0.2727272727272727,5.363636363636363,79.73484848484848,0.0,23.033636439930348,1.6527708668894414,0.958868919970221,-0.6939019469192206,0.09090909090909091,21.136045987406764,1.219073493743513,28.73831907150453,0.8564121067740871
53435,Jaylen Waddle,POST,ZONE_COVERAGE,11,0.6363636363636364,9.454545454545455,56.628787878787875,0.09090909090909091,16.227272553877395,4.428245209858798,3.47195230021249,-0.9562929096463086,0.8181818181818182,36.81776525112727,-0.3268161700672492,42.96167818390955,0.4905445695463131
47857,Devin Singletary,FLAT,ZONE_COVERAGE,11,0.9090909090909091,2.090909090909091,79.16666666666666,0.0,-1.0518169403076263,9.08022606986037,4.867814093115359,-3.101164026110149,0.9090909090909091,23.52261546454267,-0.3369296210243676,36.7704594350636,0.7628578500186372
55885,Quentin Johnston,HITCH,ZONE_COVERAGE,11,0.6363636363636364,4.363636363636363,103.59848484848484,0.0,6.280908931385389,2.6141900830930402,1.3536792313740933,-1.260510851718947,0.2727272727272727,45.90796209130392,2.316741632434278,51.94842290062499,0.6396168398770699
54556,Rachaad White,ANGLE,ZONE_COVERAGE,11,1.0,11.454545454545455,114.39393939393938,0.0,0.9200003363869637,8.040837666710658,4.240037071172461,-1.8505091697267162,0.9090909090909091,13.492633003088287,-1.1099689122580463,23.552204004770005,0.44433949526124844
41233,Mike Evans,SLANT,ZONE_COVERAGE,11,0.9090909090909091,9.272727272727273,105.3030303030303,0.0,5.323635794899681,3.937128329511548,2.691752460311507,-1.2453758692000412,0.8181818181818182,12.298557408625165,0.7546597544860475,23.1847742077841,0.6497683547255186
46797,Tanner Hudson,OUT,ZONE_COVERAGE,11,0.8181818181818182,7.545454545454546,98.10606060606061,0.0,4.165454517711291,3.202501699586271,2.3897329369065137,-0.8127687626797573,0.36363636363636365,38.26856887372267,0.7291344068367103,47.4423337825617,0.6084476815152854
53549,Rhamondre Stevenson,ANGLE,ZONE_COVERAGE,11,0.9090909090909091,9.090909090909092,104.54545454545456,0.0,2.0790908119895075,6.834854491588717,3.089341872093424,-0.9174933694498844,0.7272727272727273,27.118659555450485,-0.5422534143529518,34.192005020016815,0.21592888648380254
54517,George Pickens,GO,MAN_COVERAGE,11,0.36363636363636365,16.181818181818183,124.0530303030303,0.0,19.139090277931924,1.261632829683012,1.0775430393486969,-0.1840897903343147,0.0,22.206525578354817,0.01806259668160528,33.35710019135606,0.7448244006201589
47834,A.J. Brown,IN,MAN_COVERAGE,11,0.9090909090909091,8.818181818181818,103.40909090909092,0.0,6.249091235074127,3.4599130087745182,1.9182578214678587,-1.5416551873066595,0.5454545454545454,36.34612451601629,0.7341451177842035,28.73992974711291,0.5527961094503865
56024,Dontayvion Wicks,OUT,ZONE_COVERAGE,11,0.6363636363636364,7.545454545454546,86.55303030303031,0.0,9.51454578746449,4.766389485750676,2.6066761947187964,-2.1699052030734096,0.8181818181818182,46.58465048059079,0.7088412014921737,57.49945042139493,0.7988077763773596
54475,Garrett Wilson,SLANT,MAN_COVERAGE,11,0.6363636363636364,6.636363636363637,82.76515151515152,0.0,5.445452863519855,3.064088025690995,2.340871191737889,-0.7522339682316123,0.36363636363636365,12.75141398741129,0.5683192501889732,25.63658538047984,0.6982291892062332
43293,Ezekiel Elliott,FLAT,ZONE_COVERAGE,11,0.8181818181818182,7.090909090909091,135.79545454545456,0.0,-0.7763643264770445,8.526293583182753,6.6792080514614485,-1.8823709249589444,1.0,13.949065899302873,-0.07306468427659786,38.67012515729626,0.6735118689627241
46093,DJ Moore,OUT,ZONE_COVERAGE,11,0.7272727272727273,8.363636363636363,97.5378787878788,0.0,8.001817529851747,3.720604782404369,2.886859438248827,-0.8337453441555429,0.6363636363636364,37.626307251111236,-0.17461321351213355,39.03979508943423,0.826607085448735
47807,Josh Jacobs,FLAT,ZONE_COVERAGE,11,0.7272727272727273,5.181818181818182,84.28030303030303,0.0,-2.9309094168923093,10.421471789469468,7.276545425128118,-2.718493292168991,1.0,25.41600108194499,0.4680563453004467,50.72257828414485,0.4566425017991112
43324,Hunter Henry,OUT,ZONE_COVERAGE,11,0.8181818181818182,7.363636363636363,97.34848484848484,0.0,6.639091144908554,3.372659879879519,2.7396504503479724,-0.6330094295315462,0.5454545454545454,29.83586839612914,0.9964067395978329,38.074711358392214,0.750166075403543
42489,Stefon Diggs,HITCH,MAN_COVERAGE,11,0.5454545454545454,6.909090909090909,76.32575757575756,0.0,10.0754536715421,2.6529179657331174,2.22951144124243,-0.4234065244906872,0.2727272727272727,43.92034157374333,0.8802032797776822,54.6027206954737,0.47184752642293454
46150,Michael Gallup,SLANT,ZONE_COVERAGE,11,0.45454545454545453,4.818181818181818,22.159090909090907,0.09090909090909091,6.260908300226391,2.0059917153093845,1.3970315678885001,-0.6089601474208846,0.2727272727272727,21.74145893174268,0.9592238130597717,42.99121661244816,0.7346489183613827
52425,CeeDee Lamb,CROSS,ZONE_COVERAGE,11,0.6363636363636364,4.0,71.78030303030303,0.0,3.060000159523673,4.7386580674094025,2.851002580420925,-1.4429327352088681,0.7272727272727273,10.085477224811882,-1.1887790882868152,25.471969068215998,0.5385474730872482
52430,Justin Jefferson,OUT,ZONE_COVERAGE,11,0.7272727272727273,9.090909090909092,100.56818181818184,0.0,11.755455537275838,3.3281633308839447,2.2580457166215786,-1.0701176142623663,0.5454545454545454,53.3287936269747,0.4507755959927157,61.71726600753738,0.6987525189945354
44912,Jonnu Smith,HITCH,ZONE_COVERAGE,11,0.7272727272727273,9.545454545454545,102.46212121212122,0.0,6.023636211048463,3.8882731348487725,2.545566883172311,-0.9819069914594708,0.6363636363636364,29.764561357236797,-2.1259851918272985,27.57937859812523,0.29378947582488674
44912,Jonnu Smith,FLAT,ZONE_COVERAGE,11,0.9090909090909091,6.090909090909091,92.04545454545455,0.0,1.044545607133346,7.484219270390303,4.039231372059189,-2.652257019074986,0.9090909090909091,13.903307566541152,-0.3991475335429881,49.629854138940814,0.49708024608861107
56042,Puka Nacua,CROSS,ZONE_COVERAGE,11,0.9090909090909091,10.454545454545455,110.22727272727273,0.0,4.8081812425093196,4.307710124502188,3.918636744843866,0.02294329821579233,0.7272727272727273,14.111740221956635,-0.9405607505541588,38.93974252722784,0.702985530667311
54608,Chig Okonkwo,OUT,ZONE_COVERAGE,11,0.8181818181818182,7.090909090909091,96.2121212121212,0.0,4.9945446361195005,4.209757470549248,3.6173768959865122,0.4399054053828632,0.45454545454545453,23.206049972768486,1.082637536930914,27.754942086725684,0.6013383693694292
44856,Gerald Everett,FLAT,ZONE_COVERAGE,11,0.9090909090909091,7.454545454545454,97.72727272727272,0.0,0.3690912073308807,8.026697769966445,4.6134106257418175,-1.9170414566642826,1.0,10.812625708514577,0.18607472809325376,24.025212642410406,0.6485632513527181
46109,Courtland Sutton,GO,ZONE_COVERAGE,11,0.36363636363636365,12.272727272727273,83.52272727272728,0.18181818181818182,25.91272752935237,2.3314802953734817,1.5846262564390179,-0.7468540389344639,0.2727272727272727,19.675304058469326,0.805445631415813,40.182397887990625,0.8692994661220536
44849,Zay Jones,HITCH,ZONE_COVERAGE,11,0.6363636363636364,7.0,46.40151515151514,0.09090909090909091,7.193637154319064,4.059316621024862,2.1998092884909366,-1.8595073325339262,0.7272727272727273,72.94927110889813,0.923556837723002,76.56317616982031,0.6029103283353532
44881,Cooper Kupp,OUT,MAN_COVERAGE,11,0.5454545454545454,6.545454545454546,76.5151515151515,0.09090909090909091,5.8054550344293885,3.0555549353883404,2.969765907361301,-0.08578902802703926,0.45454545454545453,34.476269779646394,1.1225658575332602,28.24081812087111,0.42280431512757277
41238,Odell Beckham,SLANT,ZONE_COVERAGE,11,0.7272727272727273,10.818181818181818,107.76515151515153,0.0,10.24363621798429,2.8799957443107527,3.0717982442999414,-0.1787754083524198,0.45454545454545453,12.289062385582248,1.0063606065674777,21.965834013435874,0.8576742268592441
54520,Trey McBride,FLAT,ZONE_COVERAGE,11,0.9090909090909091,8.727272727272727,103.03030303030303,0.0,1.978181665593918,8.792761069455837,5.401554503424781,-2.7912736477285063,1.0,15.85761472128221,-0.04576021839828772,35.74308907397382,0.36132356612651184
40024,Keenan Allen,SLANT,ZONE_COVERAGE,11,0.8181818181818182,9.0,104.16666666666667,0.0,6.626364274458454,3.453187087941352,3.348669758465829,-0.4122267360346418,0.5454545454545454,13.960131626355901,0.7177004006219616,39.9076717177248,0.372696306972262
54473,Drake London,OUT,ZONE_COVERAGE,11,0.9090909090909091,8.090909090909092,100.37878787878789,0.0,5.9399993202903,4.226113745763385,3.2435662963992957,-0.9825474493640889,0.6363636363636364,40.095733071519,0.21480297744934373,36.670970323003296,0.8018925058823615
52433,Brandon Aiyuk,POST,ZONE_COVERAGE,11,0.8181818181818182,21.363636363636363,149.0530303030303,0.0,19.119090513749526,3.3013900428438543,2.8893018490322393,-0.4120881938116149,0.5454545454545454,45.76104141652882,-0.29455383134719054,59.645826668297076,0.5376364391056448
44879,Alvin Kamara,OUT,ZONE_COVERAGE,11,0.8181818181818182,5.2727272727272725,88.63636363636364,0.0,2.448181845925053,3.8028980218716657,1.9918004827845457,-1.2309187056593602,0.45454545454545453,20.055969844901355,1.4978934776095463,13.168754290109103,0.8720063120159741
46111,Mike Gesicki,HITCH,ZONE_COVERAGE,11,0.8181818181818182,5.090909090909091,49.99999999999999,0.09090909090909091,3.6490918939763817,4.618154548378414,3.4075419388340977,-1.2106126095443168,0.7272727272727273,35.74555910266069,-1.0031869911828448,21.34413239590883,-0.24237999895999876
53463,Elijah Moore,OUT,ZONE_COVERAGE,11,0.8181818181818182,8.363636363636363,131.8181818181818,0.0,10.045454285361563,4.590928481432666,2.9411491440169004,-1.6497793374157654,0.8181818181818182,56.69359896155094,0.4058141400247889,79.4442790527375,0.5156119566753499
53434,Ja'Marr Chase,IN,ZONE_COVERAGE,11,0.6363636363636364,9.454545454545455,94.50757575757576,0.0,9.239090659401619,3.517815518471936,3.190848599243276,-0.3269669192286602,0.7272727272727273,43.729520555354995,0.5706750625631481,54.27255043322882,0.289545365511944
46155,Mark Andrews,HITCH,ZONE_COVERAGE,11,0.9090909090909091,10.181818181818182,109.09090909090908,0.0,6.709999778053954,7.00361201528133,3.059880865587412,-2.1739127861183647,1.0,34.45622569596762,0.13805276912410427,51.44443259990166,0.45323627235259
47791,T.J. Hockenson,SLANT,ZONE_COVERAGE,11,0.7272727272727273,8.545454545454545,98.29545454545455,0.0,6.209090666337454,4.048373149803985,3.4289906838348543,-0.6193824659691305,0.45454545454545453,12.824347200191346,0.7399720193753757,55.68321260030849,0.40040986991139854
52425,CeeDee Lamb,GO,MAN_COVERAGE,11,0.45454545454545453,14.090909090909092,122.34848484848484,0.0,21.647272630171276,1.451229937762885,1.7752805019635085,0.32405056420062345,0.09090909090909091,25.622159102392175,1.7267469703502236,32.73928183633001,0.8831782746567516
56042,Puka Nacua,SLANT,ZONE_COVERAGE,11,0.8181818181818182,7.181818181818182,126.89393939393938,0.0,4.516363490711519,3.436731442060727,2.34256198569629,-1.322974585502388,0.5454545454545454,14.599819658198435,1.1209964707426485,31.52872815148325,0.44146377389722363
54594,Jake Ferguson,OUT,MAN_COVERAGE,11,0.45454545454545453,5.090909090909091,61.17424242424242,0.0,4.920908841219782,1.742242954800455,1.6121511877901165,-0.1300917670103382,0.09090909090909091,32.54949762064064,2.0128675135200074,32.781702324428416,0.5693663038993938
53541,Amon-Ra St. Brown,OUT,MAN_COVERAGE,10,0.6,5.5,75.0,0.0,7.652000427246071,2.0785834885400707,1.5056607757163842,-0.5729227128236862,0.1,38.43297599382733,0.8761594694596552,44.79206437005274,0.7575508990946437
43454,Tyreek Hill,GO,ZONE_COVERAGE,10,0.7,21.8,112.5,0.2,28.127000427246106,4.486704300444926,1.9996322238683248,-2.4870720765766015,0.5,37.77660111797387,-0.010041824919153309,53.45015881370223,0.7765227947079137
52470,AJ Dillon,FLAT,ZONE_COVERAGE,10,0.7,4.8,80.41666666666666,0.0,-2.1509996414184696,10.893177538544892,4.810361516470182,-3.7039582492435668,0.9,22.024908470218946,0.1488287789785033,36.12812190072227,0.5743523292280794
44995,Aaron Jones,FLAT,ZONE_COVERAGE,10,0.5,1.9,56.25,0.0,-2.3910004615783818,10.698514306181158,7.934443231328734,-0.9986954310660711,1.0,28.602570438311794,-0.7983429181896932,49.83495014521774,0.3126611166122795
39973,DeAndre Hopkins,POST,ZONE_COVERAGE,10,0.6,13.1,137.5,0.0,20.019999885559088,3.3553565202706452,2.165310577825421,-1.1900459424452245,0.5,14.602063707943861,0.7935487988772099,30.44507297598647,0.8058460583153872
52584,K.J. Osborn,CROSS,ZONE_COVERAGE,10,0.7,5.2,115.41666666666666,0.0,6.881999588012701,4.119511401770632,4.1730691985904524,0.40038924182838515,0.6,16.901110536077766,0.06079303168846852,15.125512642598984,0.6851336246216992
47885,Alexander Mattison,ANGLE,ZONE_COVERAGE,10,0.8,5.8,90.83333333333333,0.0,0.7590005874633604,7.877303604666906,3.552182430955456,-2.8987249120293117,1.0,40.74018210058762,-0.9942283295654833,41.44502578088553,0.7532228621934149
42489,Stefon Diggs,SLANT,ZONE_COVERAGE,10,0.7,6.7,88.33333333333333,0.0,4.21099967956542,3.0492731030308295,2.2709815511323237,-0.7782915518985055,0.6,17.48961211295461,0.5088052717943186,54.3376709768571,0.30429916283694797
52442,Michael Pittman,HITCH,MAN_COVERAGE,10,0.6,4.7,71.66666666666667,0.0,6.72899875640874,2.071337052400077,2.135220180818142,0.0638831284180655,0.3,48.60670226028461,0.5946832750430736,57.26828940299905,0.07328954590405946
46705,Allen Lazard,HITCH,ZONE_COVERAGE,10,0.3,3.2,0.833333333333334,0.1,9.736000061035151,3.2974410064968205,1.915187914167405,-1.3822530923294152,0.6,40.37521068264308,0.7029995296090503,67.41652354000033,0.3811601123822531
53439,DeVonta Smith,OUT,ZONE_COVERAGE,10,0.9,9.4,105.83333333333333,0.0,8.290001106262189,3.361842769481916,3.5447620251643315,0.18291925568241496,0.4,53.060547823951595,0.6056518231918779,44.63133949955743,0.8493948100028449
46206,Dalton Schultz,OUT,ZONE_COVERAGE,10,0.6,4.6,104.58333333333334,0.0,5.4279994964599085,4.109705762684202,3.1306794524408503,-0.9790263102433517,0.5,31.743005936242888,0.45388925804123453,39.12652911167482,0.6895043045378154
53456,Rashod Bateman,HITCH,ZONE_COVERAGE,10,0.6,4.9,72.5,0.0,3.7549997329711884,4.161992950509797,3.761083681550665,-0.4009092689591311,0.8,49.087193279071315,0.007414305449357883,73.01899589256074,0.2890782194998392
44835,Evan Engram,OUT,MAN_COVERAGE,10,0.7,6.8,88.74999999999999,0.0,5.481000518798821,2.518869674793135,2.302812056195305,-0.21605761859783018,0.5,29.662460866866418,1.601122462821666,34.576202251623904,0.8109614715241593
55944,Josh Downs,OUT,MAN_COVERAGE,10,0.8,7.7,92.5,0.1,3.324000167846731,2.9826583300879217,2.655710085120152,-0.32694824496776975,0.5,31.55552606978575,1.793634924239539,41.032282383944846,0.7006764545262955
52423,Jerry Jeudy,GO,ZONE_COVERAGE,10,0.5,17.1,95.83333333333334,0.0,31.527000713348333,4.161395424832147,3.3000277055563054,-0.8613677192758423,0.4,28.867272568878793,0.7123026764106494,45.76085440315495,0.8781966882229175
47808,Marquise Brown,CROSS,MAN_COVERAGE,10,0.7,10.0,135.41666666666669,0.0,7.982000541686979,3.128364429419225,2.1985810413274915,-0.13221680158441704,0.2,12.945171026355842,0.03156235807130479,13.579894675089989,0.700387188699204
54520,Trey McBride,OUT,ZONE_COVERAGE,10,0.9,5.4,89.16666666666666,0.0,4.59800071716308,4.15756888541998,3.262311153928322,-0.8952577314916577,0.6,30.194161968721847,0.4743233848734497,37.52557026733594,0.6974472937392624
54608,Chig Okonkwo,CROSS,ZONE_COVERAGE,10,0.9,8.9,103.74999999999999,0.0,4.5229999542236285,5.589957577097295,3.3036980106577296,-1.9251224680485144,0.9,17.82034487724235,-0.0038660106698532814,22.68713906543551,0.38460395077275145
47859,Terry McLaurin,CROSS,MAN_COVERAGE,10,0.6,12.1,102.50000000000001,0.0,9.053999710083,3.0339297101386262,2.4072686729320685,-0.4380361543284562,0.4,8.60478060707346,0.13123713689905347,14.881402694736957,0.8455591563834878
44959,George Kittle,OUT,ZONE_COVERAGE,10,0.8,6.7,94.58333333333333,0.0,6.083999252319321,5.1672661434364855,3.6262166161806966,-1.541049527255789,0.8,30.659926900065805,0.5079370134428286,35.65307324928473,0.8204545414903845
42412,Tyler Lockett,OUT,MAN_COVERAGE,10,0.7,5.7,84.16666666666667,0.1,6.3300004005432005,2.9367653680114354,2.1401477398363062,-0.7966176281751292,0.4,42.1620361230316,1.5333049364253974,48.88713050142279,0.8438867544212826
55884,Jaxon Smith-Njigba,HITCH,ZONE_COVERAGE,10,0.8,10.6,110.83333333333334,0.0,7.71899986267092,4.273090108951007,3.5240330077032906,-1.0335608122822109,0.6,44.55347684712477,0.4634837540024262,62.83735791062468,0.5706079635451391
47803,Noah Fant,OUT,ZONE_COVERAGE,10,0.7,6.5,87.5,0.0,5.053000640869141,4.18308668050121,3.6705638465713313,-0.5125228339298793,0.8,23.096487187891526,0.4261691873975818,24.628881378397104,0.49935544293103434
54501,Breece Hall,FLAT,MAN_COVERAGE,10,0.8,3.0,112.5,0.0,-0.46600036621090124,5.563021937741715,3.4470913525399425,-2.1159305852017734,0.9,13.706639634378703,0.12559184589216238,13.864141222023203,0.862946983271561
53591,Noah Gray,HITCH,ZONE_COVERAGE,10,1.0,9.5,106.25,0.0,5.21800041198731,5.371073249760329,3.971331406102807,-1.9295216088481681,0.8,26.734873292176466,-0.42354131879651147,38.208553723791184,0.32367677722436794
55876,Jahmyr Gibbs,OUT,ZONE_COVERAGE,10,0.6,3.1,65.0,0.0,2.1419998168945305,5.192288159468184,3.527499779461558,-1.4327311169381929,0.8,23.229891950667852,-0.5763946941914366,30.4238544533887,0.7640559737783943
47954,Darius Slayton,HITCH,MAN_COVERAGE,10,0.8,9.3,105.41666666666667,0.0,8.04000015258789,3.3860852529837167,2.4648650969927988,-0.9212201559909179,0.4,36.31464444966605,2.0576758867715634,64.74851765437326,0.5026260397555145
55946,Tyjae Spears,FLAT,ZONE_COVERAGE,10,0.8,4.7,86.25,0.0,-1.4560003280639713,8.75044653086771,5.407532602911352,-3.310191719632764,1.0,15.450974956855585,0.2097479120308387,33.962257605546185,0.6734610116297942
47859,Terry McLaurin,GO,ZONE_COVERAGE,10,0.3,6.9,55.833333333333336,0.1,28.648000144958537,1.6348858935385846,1.4817829253174133,-0.15310296822117114,0.0,27.613697635835827,0.6371855697628654,32.320788680531564,0.8805725496843401
40488,Adam Thielen,CROSS,MAN_COVERAGE,10,0.8,11.3,113.75,0.0,8.2110004425049,2.376123393633269,2.113360088329596,-0.2627633053036725,0.4,7.637344744568972,0.5771010470686987,16.564077876421244,0.8245308172026862
47911,Tony Pollard,ANGLE,ZONE_COVERAGE,10,0.9,9.0,104.16666666666667,0.0,1.9349990844726606,5.912800576744883,3.016865921511481,-1.955755747938355,1.0,20.00934511092547,-2.6873233730639177,15.673031588135832,0.6734865250697581
52425,CeeDee Lamb,HITCH,MAN_COVERAGE,10,0.9,11.4,114.16666666666666,0.0,7.866000747680658,2.071594848116688,1.4896771204768515,-0.5819177276398364,0.1,39.00472669145941,2.9554163490158207,79.08767754251448,0.5722616636853519
53434,Ja'Marr Chase,GO,ZONE_COVERAGE,10,0.4,9.8,36.66666666666667,0.1,25.62299976348878,2.7824428778838577,1.5278158551719365,-1.2546270227119216,0.3,17.921670477137205,0.26472391316929966,25.330911018219542,0.9311635880128936
46118,Dallas Goedert,HITCH,ZONE_COVERAGE,10,0.6,5.8,36.66666666666667,0.1,5.303999710083,3.6366337093490886,2.3220554705630247,-1.3145782387860636,0.5,27.7824826945996,-0.2338220361727643,47.256837138989695,0.35595968685285184
47859,Terry McLaurin,OUT,ZONE_COVERAGE,10,0.9,10.1,108.75000000000001,0.0,8.425000762939458,4.960574665706902,2.697171200027913,-1.6160170480812075,0.7,42.26519999968781,0.6797330163708691,71.45168060144832,0.6354589021709319
46118,Dallas Goedert,FLAT,ZONE_COVERAGE,10,0.7,4.0,77.08333333333334,0.0,1.5830005645752105,7.126520399117858,4.393020035000898,-2.828735455614229,1.0,23.31798984202471,0.04715492521382023,34.005121508382665,0.7327098674711361
54597,Romeo Doubs,GO,ZONE_COVERAGE,10,0.4,9.8,76.25,0.1,28.60800046920777,1.3986754272363286,1.1198610577266488,-0.2788143695096797,0.0,19.439070619385046,1.2572799871196625,21.424020854919064,0.9182414961216356
40024,Keenan Allen,GO,ZONE_COVERAGE,10,0.5,10.6,121.25000000000001,0.0,22.17899942398067,2.8790642535017197,3.4625511207611828,0.5834868672594629,0.2,16.131248306832056,0.4188130916070394,42.27262867845141,0.8335367134104741
40024,Keenan Allen,IN,ZONE_COVERAGE,10,0.5,9.8,84.58333333333333,0.0,11.38199958801271,4.25807745563604,3.2286806511959076,-1.0633115137026414,0.6,22.523010120468896,-0.12408232942366562,25.141512447060013,0.6989194135569687
40024,Keenan Allen,OUT,MAN_COVERAGE,10,0.6,6.7,80.0,0.0,7.15299911499018,2.2844064435137015,1.5372751560811009,-0.7471312874326004,0.2,38.964689397127195,1.2554219760616285,45.276240497682736,0.776105790090168
53435,Jaylen Waddle,SLANT,ZONE_COVERAGE,10,0.8,11.2,113.33333333333333,0.0,6.828000259399408,3.051147712045502,3.5881554143680296,0.5370077023225276,0.4,22.51597693173214,-0.12517480986185028,55.782303050462964,0.3895586475394963
40024,Keenan Allen,SLANT,MAN_COVERAGE,10,0.9,9.0,104.16666666666667,0.0,5.026999664306638,2.8882357560856047,2.0295233105694943,-0.8587124455161103,0.4,16.272931059326,1.4412581906681214,24.627636837734812,0.5472352182419187
47954,Darius Slayton,GO,MAN_COVERAGE,10,0.4,15.5,120.83333333333333,0.0,26.82299938201905,1.2480475990048332,1.0082144323369122,-0.23983316666792093,0.0,24.754785866448735,1.2609531533690392,25.677453322442535,0.9121296279758591
43454,Tyreek Hill,GO,MAN_COVERAGE,10,0.7,28.5,152.08333333333331,0.0,21.214000511169353,1.3670508528281833,1.576910338739359,0.2098594859111757,0.0,24.847319717062042,1.9089114682095982,25.477723687239795,0.9084489177275327
56056,Trey Palmer,HITCH,ZONE_COVERAGE,10,0.7,5.5,83.33333333333334,0.0,6.281999588012711,3.859400546880117,2.4765450117052272,-0.8748029236846001,0.6,28.22971450184023,0.6652649146634136,28.45999943515328,0.5570063134198346
47819,Deebo Samuel Sr.,CROSS,ZONE_COVERAGE,10,0.8,14.0,118.75,0.1,11.442999839782704,4.470176528089484,3.746889382003701,-0.7490549709338234,0.6,17.033298395821905,-0.4059095250779615,34.52242598777535,0.5988019897769026
55915,Jayden Reed,GO,ZONE_COVERAGE,9,0.7777777777777778,28.333333333333332,79.16666666666666,0.1111111111111111,25.868888431125246,4.061058441257936,3.349042770873199,-0.7120156703847379,0.5555555555555556,31.374321865184747,0.6794802751230087,43.81079552700645,0.8917931376562146
47847,DK Metcalf,GO,ZONE_COVERAGE,9,0.5555555555555556,14.555555555555555,100.46296296296295,0.1111111111111111,25.723331928253273,1.505770874194426,1.7687437888042732,0.2629729146098472,0.0,16.17550336654624,0.8253962868410798,22.923822462756316,0.8637486293886669
55904,Jonathan Mingo,OUT,ZONE_COVERAGE,9,0.7777777777777778,7.0,56.25,0.1111111111111111,6.375556310017935,4.937747339084887,4.42922239156411,-0.5085249475207774,0.8888888888888888,33.28263358762285,0.28213465492530965,37.04364237438441,0.6539129959778078
54594,Jake Ferguson,HITCH,ZONE_COVERAGE,9,0.6666666666666666,9.11111111111111,95.60185185185185,0.0,3.2877781126234202,4.810231472778686,3.044279557548394,-1.2090577184318645,0.6666666666666666,36.24853743711504,-0.5287207986256723,25.873045290775252,0.38560506894790286
44959,George Kittle,FLAT,ZONE_COVERAGE,9,0.8888888888888888,10.555555555555555,147.6851851851852,0.0,3.617777718438022,8.41287546900361,6.844767356151358,-0.7073229945255911,0.7777777777777778,19.533755551195682,0.15320219024412138,58.981605290183616,0.3706452994488475
41349,Logan Thomas,OUT,ZONE_COVERAGE,9,0.5555555555555556,4.666666666666667,67.82407407407408,0.0,5.58555571238199,3.5339681098637414,2.347837343614352,-0.9253100571723452,0.5555555555555556,33.055471236213165,0.5667661073914538,20.86429034825178,0.6747502487955627
54621,Jerome Ford,ANGLE,ZONE_COVERAGE,9,0.8888888888888888,6.222222222222222,92.5925925925926,0.0,1.1666653951009123,6.865796220827956,2.7982354701469334,-2.1853731805653043,0.8888888888888888,33.619100878399294,-0.49635289820691625,6.947512487912673,0.9655343682136
54517,George Pickens,SLANT,ZONE_COVERAGE,9,0.5555555555555556,15.555555555555555,137.5,0.0,5.903333875868065,2.1268867662217845,2.0078198136786916,-0.11906695254309321,0.2222222222222222,14.340974428977034,1.2741162826581218,26.95862573027293,0.5404772095767639
55915,Jayden Reed,OUT,MAN_COVERAGE,9,0.3333333333333333,4.0,46.52777777777777,0.0,9.479999966091533,2.7269881562539506,1.6918179343381674,-1.0351702219157828,0.2222222222222222,50.41705925416251,1.2000081623288554,47.596371499108706,0.7414701665289027
55959,Michael Wilson,HITCH,ZONE_COVERAGE,9,0.7777777777777778,6.777777777777778,94.9074074074074,0.0,8.186666700575067,3.227168513928747,1.551887091584018,-1.675281422344729,0.5555555555555556,63.15588522994402,0.05012952599168655,79.22435586004832,0.35734365126472245
54518,Alec Pierce,GO,MAN_COVERAGE,9,0.3333333333333333,11.222222222222221,76.62037037037037,0.0,26.267778396606424,1.5701400214304868,1.084189769044092,-0.48595025238639455,0.1111111111111111,39.6244491781807,0.7034905800012505,34.43696896206367,0.9028802518993599
55944,Josh Downs,OUT,ZONE_COVERAGE,9,0.8888888888888888,6.111111111111111,92.12962962962963,0.0,4.5844442579481335,3.560963839144568,3.9817159501063384,-0.23834830026958398,0.5555555555555556,31.113535269043698,1.7780772437191719,30.80037203666439,0.66579109523363
52584,K.J. Osborn,CROSS,MAN_COVERAGE,9,0.5555555555555556,11.444444444444445,133.10185185185185,0.0,12.243332756890224,2.3898179487045206,2.6149686734765907,0.2251507247720697,0.2222222222222222,21.459566813820196,0.4643752169494096,16.292215465697005,0.6006301745097692
46206,Dalton Schultz,IN,ZONE_COVERAGE,9,0.6666666666666666,9.666666666666666,58.333333333333336,0.1111111111111111,9.126666810777456,4.007586305146442,3.3718723725965205,-0.09280006177468086,0.3333333333333333,42.97920345750587,-0.08991006910012483,68.62654265346985,0.5953565497633228
41349,Logan Thomas,CROSS,ZONE_COVERAGE,9,1.0,7.888888888888889,99.53703703703704,0.0,1.307776980929911,6.3174334621126285,2.8874688321895765,-0.06723935979659243,0.7777777777777778,6.104887142578921,0.4500922082903522,11.141603302754106,0.7898428316758223
54571,Cade Otton,OUT,ZONE_COVERAGE,9,0.7777777777777778,5.777777777777778,51.157407407407405,0.1111111111111111,4.332222196790901,3.559805566823148,3.6558706691994303,0.09606510237628181,0.4444444444444444,21.516947197764647,1.1531075425556445,23.267740611253615,0.4197460221036331
53433,Kyle Pitts,CROSS,ZONE_COVERAGE,9,0.7777777777777778,6.111111111111111,92.12962962962963,0.0,4.23888884650338,4.996651667893389,2.817925009405062,-1.9215042130371693,0.7777777777777778,5.636468303268793,-0.2903849049902192,17.696755163519637,0.6676149491374295
55917,Zach Charbonnet,ANGLE,ZONE_COVERAGE,9,0.8888888888888888,7.666666666666667,98.61111111111111,0.0,0.8411115010579332,10.320450850912685,4.124333430148314,-4.531865595158817,1.0,12.293616938878952,-2.874015587518554,17.172957774035723,0.876074309479251
55938,Jalin Hyatt,GO,ZONE_COVERAGE,9,0.3333333333333333,10.666666666666666,74.30555555555554,0.0,35.673333168029785,1.6288126849202138,1.39418039941009,-0.23463228551012408,0.0,24.57747914975925,0.7156962050791615,31.565237544033423,0.9429626887520066
56056,Trey Palmer,OUT,ZONE_COVERAGE,9,0.7777777777777778,6.333333333333333,93.05555555555554,0.0,6.295556386311845,3.6740245491536876,2.202926415924079,-1.471098133229609,0.6666666666666666,55.59527950088208,1.0507129432070341,56.80504294691687,0.5248637014802539
53518,Nico Collins,SLANT,ZONE_COVERAGE,9,0.7777777777777778,10.88888888888889,149.07407407407408,0.0,4.593333138359889,4.453602438606861,3.6495458805477736,-2.0966983745939993,0.5555555555555556,20.04836285574498,0.7656129099061209,23.85151438915179,0.7729488339474839
44930,Josh Reynolds,HITCH,ZONE_COVERAGE,9,0.7777777777777778,9.555555555555555,106.4814814814815,0.0,10.601110246446376,3.1114021559277227,2.6416864245273146,-0.4697157314004082,0.4444444444444444,25.36335766770961,2.53969129215944,50.3229037769303,0.2273330252947875
39973,DeAndre Hopkins,CROSS,ZONE_COVERAGE,9,0.6666666666666666,10.11111111111111,136.80555555555554,0.0,11.727778116861977,3.809893388501864,2.6560061684238954,-0.8132701735659269,0.6666666666666666,11.034335965285855,-0.40067838418866913,33.2635061427806,0.6953923960625475
47849,Diontae Johnson,GO,MAN_COVERAGE,9,0.2222222222222222,7.888888888888889,59.95370370370371,0.0,27.91777796215478,1.4394007030994918,1.320875796879215,-0.1185249062202768,0.0,21.71722843447531,0.8634180823107125,24.019024764067463,0.9630437849197625
55920,Rashee Rice,OUT,ZONE_COVERAGE,9,0.8888888888888888,7.555555555555555,98.14814814814815,0.0,3.423333909776444,4.679006913165155,4.6491761249491415,-0.02983078821601411,0.6666666666666666,31.302056503422477,0.5467952203250069,45.079679257039096,0.46074061373351227
48456,Donald Parham,HITCH,ZONE_COVERAGE,9,0.7777777777777778,7.555555555555555,135.1851851851852,0.0,4.798888524373378,3.910967487462976,2.85816396395414,-1.052803523508836,0.7777777777777778,23.47272411972115,-0.7499444141316247,31.354171943705392,0.7861547544177726
44896,Chris Godwin Jr.,IN,ZONE_COVERAGE,9,0.7777777777777778,13.88888888888889,118.75,0.0,8.13777775234647,4.103510552579705,2.327343031859663,-2.2207124156746545,0.4444444444444444,28.069200193373334,0.19275514248923967,39.01427295755981,0.4828811485433567
55884,Jaxon Smith-Njigba,OUT,ZONE_COVERAGE,9,0.6666666666666666,4.555555555555555,76.62037037037037,0.0,6.258888244628889,5.029065964490298,3.58993069873702,-1.4391352657532783,0.7777777777777778,33.92554511410506,-0.38109631204150113,65.54275573585043,0.7011753528055088
54473,Drake London,GO,ZONE_COVERAGE,9,0.5555555555555556,15.555555555555555,100.46296296296295,0.0,22.463333500756196,2.6373598185694545,1.590554409588981,-1.0468054089804737,0.4444444444444444,30.855187863689228,0.08056087597752537,35.38495442629245,0.6508165126651622
46093,DJ Moore,HITCH,MAN_COVERAGE,9,0.7777777777777778,18.77777777777778,155.787037037037,0.0,7.111112594604489,3.258420287547873,1.680255270658518,-1.578165016889355,0.5555555555555556,45.27111147181491,2.077231664088874,52.676197789837964,0.6107691408534528
53486,Tutu Atwell,OUT,ZONE_COVERAGE,9,0.6666666666666666,8.11111111111111,128.4722222222222,0.0,10.35666698879669,2.918674119747338,2.4382937727874934,-0.480380346959844,0.4444444444444444,44.73434780392219,1.1187221580573103,55.921582999887214,0.6842298158250247
56513,Jaleel McLaughlin,FLAT,ZONE_COVERAGE,9,1.0,3.4444444444444446,81.0185185185185,0.0,-5.663333680894656,11.882209530699406,7.597433777269793,0.135141904125188,1.0,20.758696203360675,-0.6119101263014112,65.52570417984654,0.1486404721564771
47859,Terry McLaurin,SLANT,ZONE_COVERAGE,9,0.7777777777777778,10.777777777777779,111.57407407407408,0.0,5.9077784220377545,2.2340772087439635,1.6033662888751832,-0.6307109198687806,0.1111111111111111,13.4989410577357,0.49084615445293917,29.796454535939315,0.6173202654072674
46095,Calvin Ridley,GO,ZONE_COVERAGE,9,0.5555555555555556,13.88888888888889,137.5,0.0,24.318889617919908,1.9950297607745269,1.4534603536984312,-0.5415694070760956,0.1111111111111111,24.92857689430509,-0.04289678769786044,38.43748468343746,0.8592596949190846
47834,A.J. Brown,OUT,ZONE_COVERAGE,9,0.6666666666666666,6.777777777777778,85.87962962962963,0.0,8.731111738416878,2.734826265356896,2.0653664550923816,-0.6694598102645144,0.3333333333333333,46.260160795424625,0.9143242686511882,53.414527523976936,0.7518681142199609
44959,George Kittle,CROSS,ZONE_COVERAGE,9,0.5555555555555556,7.222222222222222,78.47222222222223,0.0,10.243333604600702,4.229856739323688,2.6590631320045994,-1.5707936073190887,0.7777777777777778,18.644002184769597,0.16560103627222983,32.79604850025516,0.7418999832768282
56042,Puka Nacua,CROSS,MAN_COVERAGE,9,0.7777777777777778,20.88888888888889,118.75,0.0,5.316667344835078,2.629842689827278,3.211040916015662,0.5811982261883841,0.3333333333333333,6.694378484527779,0.9126895717186342,8.885886773616708,0.7094845731887711
56220,Malik Heath,HITCH,ZONE_COVERAGE,9,0.6666666666666666,5.444444444444445,80.32407407407408,0.0,5.5733335283067555,4.462525142138778,3.6511405511953043,-0.8113845909434741,0.7777777777777778,57.06543233198376,-0.5225539137065272,60.69140359476827,-0.08986796698000071
43293,Ezekiel Elliott,ANGLE,ZONE_COVERAGE,9,0.6666666666666666,4.222222222222222,75.2314814814815,0.0,1.3933332231309663,7.309731482105909,3.20976189552859,-2.6745641353450367,0.7777777777777778,17.363207398501512,-0.8048146808733774,20.76349394764513,0.9097277722803105
53536,Michael Carter,FLAT,ZONE_COVERAGE,9,1.0,4.0,83.33333333333334,0.0,-2.969999525282143,11.012599715360942,6.042084000028592,-2.7420209758598473,1.0,17.150181790087654,-0.020207294989847746,35.19390829562776,0.320068231664827
53433,Kyle Pitts,IN,ZONE_COVERAGE,9,0.4444444444444444,5.222222222222222,21.296296296296294,0.1111111111111111,11.574444240993923,3.449980218133488,1.9855316071487747,-1.464448610984713,0.5555555555555556,45.161752690962444,0.29121848989175764,52.096673002507714,0.24268066985612397
43336,Michael Thomas,SLANT,ZONE_COVERAGE,9,0.6666666666666666,6.111111111111111,83.10185185185185,0.0,5.097777896457244,3.2026511858238282,1.8039719726770644,-1.3986792131467638,0.4444444444444444,17.803752940942918,0.9115817937912338,28.091953264878132,0.787716067197354
54476,Chris Olave,OUT,MAN_COVERAGE,9,0.5555555555555556,9.444444444444445,87.7314814814815,0.0,10.1533326043023,2.7439360249531877,3.6106936409817845,0.715965552540858,0.4444444444444444,53.45673052765925,1.3841945300985137,63.34687389747043,0.4947817972770392
47856,David Montgomery,FLAT,ZONE_COVERAGE,9,0.6666666666666666,3.2222222222222223,71.06481481481482,0.0,-1.298888736300999,9.844365697882557,4.746969513333205,-2.921277496779797,1.0,13.167315339100519,0.21187433842799763,52.972993296991035,0.5907460641370091
46093,DJ Moore,GO,ZONE_COVERAGE,9,0.5555555555555556,12.0,98.37962962962963,0.2222222222222222,24.815555943383067,2.8545344698590016,2.52814966929575,-0.32638480056325153,0.3333333333333333,24.243198660059196,0.8550795982174382,47.81294210213999,0.7741592014962707
55944,Josh Downs,SLANT,ZONE_COVERAGE,9,0.7777777777777778,7.888888888888889,99.53703703703704,0.0,5.1100010342068,2.6749645611103614,3.0728075394829286,0.3978429783725679,0.3333333333333333,11.836344847981836,0.7431938386948812,23.85232029360655,0.6369833491663474
54673,Connor Heyward,HITCH,ZONE_COVERAGE,9,0.7777777777777778,6.111111111111111,92.12962962962963,0.0,4.017776913113068,6.114775069526355,3.3709643900384103,-1.7795481148070138,0.8888888888888888,29.027845750432373,-1.451421526830129,24.9112668362958,0.4157757926141556
46094,Hayden Hurst,HITCH,ZONE_COVERAGE,9,0.7777777777777778,6.333333333333333,93.05555555555554,0.0,4.208887736002556,3.853284532573099,3.123939738979917,-0.7293447935931818,0.7777777777777778,36.240647280110835,-1.2831323484611845,63.435306241768835,0.1693852769485915
52433,Brandon Aiyuk,SLANT,ZONE_COVERAGE,9,1.0,11.333333333333334,113.8888888888889,0.0,5.724444495307078,3.1430400764166873,3.5025434950501846,0.3595034186334966,0.5555555555555556,20.063991114827136,1.2496446206425573,33.894627739022866,0.2890785076482285
52430,Justin Jefferson,POST,ZONE_COVERAGE,9,0.7777777777777778,19.88888888888889,79.16666666666666,0.1111111111111111,20.463333023919002,3.5731883450217072,2.7034028259557097,-0.8697855190659979,0.8888888888888888,36.06524918693424,0.750703937947375,63.23942078688861,0.7481329429322972
47791,T.J. Hockenson,CROSS,ZONE_COVERAGE,9,1.0,10.88888888888889,112.03703703703705,0.0,6.5911108652750885,4.593181565948087,3.672749400415991,-1.749014192521314,0.5555555555555556,17.94492504086729,-0.4933599237420554,36.67290692515977,0.7143767235956062
54564,David Bell,HITCH,ZONE_COVERAGE,9,0.5555555555555556,4.777777777777778,28.703703703703702,0.1111111111111111,4.6399998135037,4.1458379438407675,2.2660930046388033,-1.8797449392019638,0.8888888888888888,42.95651762788196,1.1310804913439612,25.203270416161335,0.11934431391610072
43336,Michael Thomas,HITCH,ZONE_COVERAGE,9,0.8888888888888888,8.11111111111111,100.46296296296295,0.0,4.873333401150177,4.054704617855541,2.5358245770331416,-1.5188800408223992,0.8888888888888888,45.69349662755675,-1.0069587088872245,60.27529325759823,-0.19583957744917946
40488,Adam Thielen,OUT,MAN_COVERAGE,9,0.3333333333333333,3.4444444444444446,4.62962962962963,0.1111111111111111,10.927777608235665,2.251549851917922,3.0353870287769094,0.7838371768589876,0.2222222222222222,37.8452195367349,1.283913394118324,38.80819776544409,0.7288964828946447
41282,Davante Adams,SLANT,MAN_COVERAGE,9,0.5555555555555556,7.333333333333333,78.93518518518518,0.0,4.968889024522555,1.8147855422119303,2.367987415238206,0.5532018730262752,0.1111111111111111,12.16583274155628,1.3468695476996855,21.550746755605765,0.43111048687965414
52423,Jerry Jeudy,SLANT,ZONE_COVERAGE,9,0.7777777777777778,12.444444444444445,118.5185185185185,0.0,5.813333511352534,3.6868994942803357,2.3935902061512873,-1.4198488041007935,0.5555555555555556,16.848638051137108,0.7814762911561449,17.141533978018263,0.8326203915233245
54476,Chris Olave,GO,ZONE_COVERAGE,9,0.1111111111111111,3.0,0.0,0.1111111111111111,28.516667471991656,2.4488513194603,2.6444860676760604,0.1956347482157602,0.2222222222222222,33.64930811551784,0.787733465963077,39.82143991338997,0.7445217872200723
52451,Cole Kmet,CROSS,ZONE_COVERAGE,9,0.8888888888888888,14.555555555555555,118.75,0.0,6.869999991522879,7.174866675769481,4.6870572141946845,0.05602704280151105,0.8888888888888888,10.663339529241442,0.24375989795546735,23.088931189380617,0.5562153445045241
53486,Tutu Atwell,CROSS,ZONE_COVERAGE,9,0.5555555555555556,9.666666666666666,49.074074074074076,0.1111111111111111,9.27444521586098,4.653217431250814,3.3641993316299956,-1.2890180996208191,0.6666666666666666,14.496543719101076,-0.9323335915034109,28.570742015911165,0.7268683238865883
54475,Garrett Wilson,CROSS,MAN_COVERAGE,9,0.5555555555555556,4.777777777777778,65.74074074074075,0.1111111111111111,10.387777964274132,2.4891461130575134,2.2242996083164446,-0.42877787556183683,0.2222222222222222,21.97120242780607,0.20072651686938878,36.518184242392735,0.7620476149223194
47852,Josh Oliver,FLAT,ZONE_COVERAGE,9,1.0,9.555555555555555,106.4814814814815,0.0,-0.00222269694009943,5.4261429244661645,4.248887146945872,-0.9559534332005345,1.0,9.49215962273902,0.6169684899384141,28.96769431107795,0.7590546928730296
44896,Chris Godwin Jr.,POST,ZONE_COVERAGE,9,0.8888888888888888,18.11111111111111,155.787037037037,0.0,15.437777625189922,3.105130844517999,2.411856458872327,-0.6932743856456711,0.6666666666666666,30.24541102676753,-0.45976395384133817,59.85573358350267,0.6487976049868951
47808,Marquise Brown,CROSS,ZONE_COVERAGE,9,0.8888888888888888,9.666666666666666,106.94444444444444,0.0,7.566666920979809,5.1304936154943,3.9447183788019085,-2.2087267160479884,0.8888888888888888,10.811621254676838,-0.3862158388937736,25.170836735291168,0.8602656901611316
54475,Garrett Wilson,OUT,MAN_COVERAGE,9,0.4444444444444444,3.111111111111111,52.083333333333336,0.0,6.1955553690592575,2.4531402819856236,1.4850644725546849,-0.9680758094309384,0.2222222222222222,38.205759100544405,1.225854806867937,53.564157107995484,0.6172569817542833
47859,Terry McLaurin,GO,MAN_COVERAGE,9,0.6666666666666666,19.555555555555557,149.30555555555554,0.0,22.84000015258791,1.7209311140369845,0.9217117113199483,-0.7992194027170361,0.1111111111111111,21.25716902340752,0.49997187747566163,24.606982028657466,0.897070645131241
39989,Robert Woods,HITCH,ZONE_COVERAGE,9,0.7777777777777778,8.444444444444445,101.85185185185183,0.0,6.88777796427409,4.9582279181117,3.4886441226669924,-1.818543779892484,0.7777777777777778,40.161654419874644,0.208876065159499,33.78777503962139,0.3022439635801435
42347,Amari Cooper,OUT,ZONE_COVERAGE,9,0.8888888888888888,10.777777777777779,111.57407407407408,0.0,10.491109848022454,4.531672430638237,2.8828949541647546,-1.6487774764734826,0.8888888888888888,39.67656015269377,0.8923780185758928,35.907124636225326,0.7276588216913246
43584,Kalif Raymond,HITCH,ZONE_COVERAGE,9,0.6666666666666666,4.222222222222222,75.2314814814815,0.0,5.7577773200141,3.3831915861176443,2.283680053333036,-1.099511532784608,0.6666666666666666,49.67799508309593,-1.4029625241722232,39.68662906964866,0.3772060758447174
46130,D.J. Chark,HITCH,ZONE_COVERAGE,9,0.6666666666666666,4.555555555555555,76.62037037037037,0.0,6.0222218831380205,4.55771687503738,2.107907481677458,-2.4498093933599225,0.5555555555555556,79.8810562556298,2.64884032740453,65.30015769436005,0.6377004595214774
46213,Justin Watson,HITCH,ZONE_COVERAGE,9,0.4444444444444444,3.0,12.037037037037035,0.1111111111111111,6.727778540717243,5.7168342851326726,3.991525281311692,-2.3109227153163103,0.8888888888888888,31.7529124227821,1.033144665412207,59.21197877507963,0.5622635299562655
54476,Chris Olave,IN,ZONE_COVERAGE,8,0.625,8.625,90.10416666666666,0.0,8.010000705719001,3.267711282299289,4.078511931289153,0.2535887110761443,0.375,53.526718442122785,1.2603472130903848,75.23765279735687,0.21664735743476365
54616,Tyler Allgeier,FLAT,ZONE_COVERAGE,8,1.0,9.875,107.8125,0.0,-0.535000085830688,10.05638854381684,6.761952097713877,-2.1458374090309373,1.0,18.02749633956365,-0.9412620832204042,37.385725116463675,0.7729456731838404
53518,Nico Collins,IN,ZONE_COVERAGE,8,0.875,15.25,118.75,0.0,13.77499961853026,2.655402695849472,3.497874867622122,0.8424721717726507,0.375,53.23043677421112,1.5071226061529162,52.43271634814135,0.3374884627490822
42347,Amari Cooper,CROSS,ZONE_COVERAGE,8,0.5,12.0,133.33333333333331,0.0,9.80999946594235,4.526161597657529,2.9937876952109987,-1.7154501572304066,0.75,17.153599588709735,-1.385715996321079,28.373280656510747,0.5075034829195972
44849,Zay Jones,OUT,ZONE_COVERAGE,8,0.75,5.0,85.41666666666666,0.0,6.923749923706062,2.8263718160575633,2.3857030075349357,-0.4406688085226277,0.625,34.12062689801019,0.3676476530374593,35.24668006503305,0.8910858561319112
52494,Zack Moss,ANGLE,ZONE_COVERAGE,8,0.75,4.625,83.85416666666666,0.0,1.021251201629637,7.5226223439377495,3.55462182378548,-2.324271655715838,1.0,10.949094486215124,-1.9050185436600082,44.126283773580674,0.5467733014876796
46095,Calvin Ridley,HITCH,MAN_COVERAGE,8,0.375,3.75,48.95833333333333,0.0,6.851250171661389,2.037096271564411,2.1149719505543167,0.07787567898990574,0.125,65.23335024613058,0.9108381945627082,104.24877647410722,0.14954167436726187
40011,Travis Kelce,OUT,MAN_COVERAGE,8,0.5,6.125,69.27083333333334,0.0,8.728749155998226,1.9214816917374622,2.1153648146329846,0.19388312289552256,0.0,26.375556045733063,0.5459627538917354,38.83373142998667,0.6278488531955504
44898,Kareem Hunt,FLAT,ZONE_COVERAGE,8,0.875,1.375,79.16666666666666,0.0,-3.591249704360949,10.419272907057506,6.288720906500328,-2.994581271597326,1.0,20.04540901793094,-0.6074257098372831,38.39272200595926,0.5363987078377813
44930,Josh Reynolds,IN,ZONE_COVERAGE,8,0.875,18.125,118.75,0.0,12.375000476837151,2.834203042630795,2.3763053264930134,-0.4578977161377815,0.25,47.03346225998327,0.811986103851374,76.78350852395118,0.3213431563889505
40488,Adam Thielen,IN,ZONE_COVERAGE,8,0.625,4.125,71.35416666666666,0.0,8.331250190734874,2.5541736064392424,2.447656606959339,-0.10651699947990378,0.25,18.198486194296237,1.2815583775264678,24.30474586412956,0.8097679967787865
53541,Amon-Ra St. Brown,IN,MAN_COVERAGE,8,0.875,15.0,158.33333333333331,0.0,10.462500557303452,2.5572243492985223,2.2632223949178463,-0.294001954380676,0.25,44.198708467850366,1.5608245768407534,52.68543146460259,0.4496409317524291
48556,Jalen Guyton,HITCH,ZONE_COVERAGE,8,0.375,2.625,45.83333333333333,0.0,6.693749427795414,3.7018975512424914,2.4179164090526193,-1.2839811421898721,0.5,49.69809863870998,2.3886911876923445,54.65167385980368,0.521757173125913
52423,Jerry Jeudy,OUT,ZONE_COVERAGE,8,0.75,6.0,89.58333333333334,0.0,6.3487504720687875,3.528616278637718,3.346774320380457,-0.18184195825726068,0.375,40.274059142974124,1.2293488469215181,52.30065716558104,0.6296828852378885
43454,Tyreek Hill,CORNER,ZONE_COVERAGE,8,0.375,9.375,72.39583333333334,0.0,22.08750033378596,3.5627485987911225,2.870466192121771,-0.6922824066693516,0.375,53.732550590498846,-0.29052749341150363,53.51010847542898,0.7816878263642825
45573,Austin Ekeler,ANGLE,ZONE_COVERAGE,8,0.875,6.5,93.75,0.0,2.316249847412098,5.803236071328204,3.363247958656931,-1.9337346632643873,1.0,21.82654489516161,-0.42011409084113566,39.65051297303002,0.8309698959015932
53463,Elijah Moore,FLAT,ZONE_COVERAGE,8,0.75,3.625,79.6875,0.0,0.15000009536743697,5.542505747732667,4.293519053442163,-1.248986694290505,0.75,16.729284254227796,-0.1435786810553079,15.990349835288864,0.7529908348696557
44959,George Kittle,IN,ZONE_COVERAGE,8,0.75,11.25,111.45833333333333,0.0,10.3324999809265,3.2948450010907218,2.7632426125206178,-0.531602388570104,0.5,38.8703758409029,0.7890867141447138,45.1712042311953,0.6593158817525178
42397,Ameer Abdullah,ANGLE,ZONE_COVERAGE,8,1.0,8.25,101.04166666666667,0.0,3.533749103546138,6.988117636444324,4.682278823589639,-1.5209997570501919,0.75,18.3311703598041,-0.9455483912847417,29.903723151392207,0.39243960907311276
41282,Davante Adams,POST,ZONE_COVERAGE,8,0.625,17.0,145.83333333333331,0.0,21.728750705719037,3.2602279944646657,3.184429400628016,-0.07579859383665008,0.625,32.0340120140291,-0.26011061383870704,52.795278766310446,0.6366655383805226
52443,D'Andre Swift,ANGLE,ZONE_COVERAGE,8,0.625,3.75,69.79166666666666,0.125,2.9637503623962242,4.854214781770274,3.7270583093860705,-1.0488522925008126,0.5,22.38461340263314,0.3344034617933428,14.878931770828746,0.6892359783892962
41233,Mike Evans,CORNER,ZONE_COVERAGE,8,0.375,9.625,73.4375,0.0,18.997501969337463,1.9311343284706584,2.7567292445250926,0.8255949160544344,0.125,35.58187997965608,0.6872855646805305,47.62693673890874,0.8948692305586046
52433,Brandon Aiyuk,OUT,MAN_COVERAGE,8,0.5,8.625,79.6875,0.0,9.8175005912781,1.542156346017575,1.7262705090209214,0.18411416300334646,0.125,59.39277228047388,1.0625130297050203,69.95867981145258,0.6242078342480298
43344,Tyler Boyd,FLAT,ZONE_COVERAGE,8,0.75,7.375,95.3125,0.0,0.6900000572204874,6.734384297330624,5.475840797714757,-1.2070219946854455,1.0,27.20603280321751,-0.2546715278531142,49.45758185296816,0.6867144815209145
54518,Alec Pierce,CROSS,MAN_COVERAGE,8,0.375,4.625,52.604166666666664,0.0,10.755000591278122,2.181220313546803,3.5573025827627496,0.43129101859687013,0.125,18.753703987412685,-0.29580640683497506,16.978201904402912,0.6981964199414318
47834,A.J. Brown,GO,ZONE_COVERAGE,8,0.375,12.75,45.83333333333333,0.125,35.441250503063216,2.3610523432995825,1.7302878725663566,-0.6307644707332254,0.25,47.55649780211534,1.6676897933225812,48.99470720540789,0.8631428085955037
46118,Dallas Goedert,OUT,MAN_COVERAGE,8,0.5,6.125,69.27083333333334,0.0,10.337499380111698,1.678444700603479,1.342396678743505,-0.3360480218599738,0.125,39.731486620110786,0.7504408604354305,38.31785856691087,0.832813183858891
53439,DeVonta Smith,GO,ZONE_COVERAGE,8,0.5,20.25,135.41666666666669,0.0,34.37375020980841,2.570042227899676,1.6280515830046363,-0.9419906448950395,0.125,18.836169564331474,0.732794441852145,28.613735693814608,0.9214645298457274
47819,Deebo Samuel Sr.,SLANT,ZONE_COVERAGE,8,0.25,3.25,40.625,0.0,4.276249885559075,3.2861318509619135,2.08355230154021,-1.4044944991581447,0.625,25.82424894388335,-0.19137991521642994,32.14332534116038,0.5611481788097266
45186,Matt Breida,FLAT,ZONE_COVERAGE,8,0.875,7.625,98.4375,0.0,0.008749246597301141,8.977990849343161,7.574822695090209,0.0761697118658522,1.0,13.917086568530973,0.008255826083286344,44.670408575956586,0.39073735940428506
53484,Pat Freiermuth,OUT,ZONE_COVERAGE,8,0.875,7.125,135.9375,0.0,3.616250395774856,3.307592417895014,2.447497130258702,-0.8600952876363119,0.375,21.76512111703343,0.650351944540996,19.337075414169323,0.7095562346660955
54473,Drake London,GO,MAN_COVERAGE,8,0.25,5.375,49.47916666666667,0.125,18.74999940395356,1.5227698443635975,1.3951634443214935,-0.12760640004210416,0.25,32.9449953294655,0.1517801230217064,34.798650113607806,0.7819755459429275
52451,Cole Kmet,FLAT,ZONE_COVERAGE,8,0.875,5.0,87.5,0.0,1.0862510204315776,8.411844924805543,4.749061350374558,-2.262427578787638,1.0,8.574516168944761,-0.37665581392285746,23.42147252439066,0.7888949345711523
48097,Jakobi Meyers,GO,MAN_COVERAGE,8,0.5,8.875,120.3125,0.0,23.448750913143165,1.6555414211229174,0.9944716853424177,-0.6610697357804995,0.125,19.93934186176977,0.8676040514925323,20.740215318729796,0.9286030632400111
52451,Cole Kmet,SCREEN,ZONE_COVERAGE,8,1.0,7.375,97.39583333333334,0.0,-0.7737500667572021,12.596753939869027,6.08388016000916,-5.0112920018610545,1.0,6.034668689074426,0.2825104301891166,44.29065348982945,0.7664319831732969
42489,Stefon Diggs,GO,ZONE_COVERAGE,8,0.5,7.625,75.52083333333334,0.125,19.93374919891354,3.6452523303959676,3.7748468323629067,0.12959450196693922,0.5,23.209093626748274,0.8105502783195015,34.30558594608366,0.6085394439659246
53549,Rhamondre Stevenson,FLAT,ZONE_COVERAGE,8,0.75,1.0,77.08333333333334,0.0,-2.280000209808349,8.236540173894538,4.764019279854005,-2.335536875998522,1.0,16.712498886985237,-0.34871240644313684,38.343508473291784,0.6905098548293281
46830,Brandon Powell,OUT,ZONE_COVERAGE,8,0.625,3.75,109.375,0.0,4.642498970031776,3.7277636365309164,2.351705267970749,-1.376058368560167,0.75,51.84318830830016,1.4654320814676813,38.17583759941116,0.8932036010215756
47807,Josh Jacobs,OUT,ZONE_COVERAGE,8,0.75,8.875,101.5625,0.0,1.633749485015887,5.505442671837157,3.205946877597373,-2.136847284560671,0.875,16.032490723467603,0.6625319628293462,17.757934847501335,0.6791398176401656
46109,Courtland Sutton,CROSS,ZONE_COVERAGE,8,0.875,3.625,121.35416666666667,0.0,5.579999431967744,5.105929166263509,5.565641340302553,-0.251069579525906,0.75,9.290862130776109,0.4529883300322235,26.967917214848136,0.4314053791245158
54476,Chris Olave,SLANT,ZONE_COVERAGE,8,0.875,8.5,141.66666666666669,0.0,4.543750524520874,4.00465038885407,2.8732176729842402,-1.143605809230506,0.5,20.044592563857584,1.7295094028768285,39.241785095030004,0.744215674183354
55884,Jaxon Smith-Njigba,OUT,MAN_COVERAGE,8,0.375,3.0,45.83333333333333,0.0,6.826249837875361,3.5677346833038492,2.868039430390625,-0.6996952529132247,0.75,42.10996338264877,0.6880700355164768,33.95268351487745,0.6176878482790785
54629,Kyren Williams,FLAT,ZONE_COVERAGE,8,0.75,3.875,80.72916666666666,0.0,-0.4662497043609761,9.392101035919726,4.5963788809266575,-2.7653028563335638,0.875,29.297551176830588,-0.5282284134475053,31.25488958203941,0.8329922798763514
43336,Michael Thomas,HITCH,MAN_COVERAGE,8,0.75,5.75,88.54166666666666,0.0,5.069999694824211,3.3996086023214658,2.338457547487419,-1.061151054834047,0.625,55.85533751354509,-0.09629603281547638,69.88220050562734,0.25975602795368824
46093,DJ Moore,IN,ZONE_COVERAGE,8,0.625,9.0,91.66666666666666,0.0,14.936249732971186,3.919909775441651,2.345266488222835,-1.5746432872188163,0.5,24.39192743511657,0.7101346222590499,36.57418192662417,0.5877741431421586
53435,Jaylen Waddle,OUT,ZONE_COVERAGE,8,0.625,9.375,93.22916666666666,0.0,7.412500381469737,2.9522462422409106,3.1566409293954862,0.20439468715457582,0.5,55.47035119793166,1.301580978291622,30.81776042720661,0.8693696146290251
43324,Hunter Henry,HITCH,ZONE_COVERAGE,8,0.5,4.125,60.9375,0.0,5.549999237060552,2.4156910137551963,1.7548008990464707,-0.6608901147087257,0.375,31.661684498774807,0.3481279853175762,28.075504111082488,0.85213582203748
53435,Jaylen Waddle,HITCH,ZONE_COVERAGE,8,0.625,7.375,45.3125,0.125,8.2574998140335,4.255936340100921,3.926013098377664,-0.32992324172325693,0.625,47.21772391839646,-0.9371634869607619,46.85008609543311,-0.01472182464976557
56395,Emari Demercado,ANGLE,ZONE_COVERAGE,8,0.875,6.125,92.1875,0.0,2.6600003242492765,7.885567035389299,3.664461372074926,-3.300700505669232,1.0,16.948036062498648,-1.31810802735742,6.451662960777408,0.9640555342560906
43396,Chris Moore,OUT,ZONE_COVERAGE,8,0.75,7.125,94.27083333333334,0.0,7.582499504089338,4.383978056438441,3.0788189835961073,-1.3051590728423343,0.75,37.83191095741702,-0.1695379228851831,42.30884781072831,0.6427996778219488
46226,Tyler Conklin,OUT,ZONE_COVERAGE,8,0.875,6.5,93.75,0.0,5.337499737739563,3.9365479265846313,3.2663323774538586,-0.6702155491307723,0.75,30.617573560498574,-0.18289621269871248,36.7550326523007,0.5987090632452777
52615,Isaiah Hodgins,HITCH,ZONE_COVERAGE,8,0.75,6.125,90.10416666666666,0.0,4.653749227523813,3.77746735348313,2.1923093171262424,-1.5851580363568871,0.625,49.13244841245763,0.7280039433897509,52.0045916247183,0.1255157964985988
42718,Raheem Mostert,FLAT,ZONE_COVERAGE,8,0.875,6.5,93.75,0.0,-1.2537503242492631,9.979891766906292,4.399293275761756,-3.279851154352148,0.875,30.251806557849672,-0.7743030168721171,42.90332760235245,0.5880779738505094
53439,DeVonta Smith,IN,ZONE_COVERAGE,8,0.5,10.875,49.47916666666667,0.125,14.588750362396251,4.980833228528942,3.400021759471373,-1.5808114690575692,0.75,32.35228124041304,0.21211161175707494,47.09343389274867,0.5089429889411461
54571,Cade Otton,CROSS,ZONE_COVERAGE,8,0.75,4.5,83.33333333333334,0.0,0.5475010871887247,6.144402234606106,3.2078993138251777,-0.6681697479316462,0.75,10.721545860221987,0.4419538931575757,11.626003627421989,0.47408777519534545
53555,Chuba Hubbard,ANGLE,ZONE_COVERAGE,8,1.0,9.75,107.29166666666667,0.0,0.8875007629394509,10.16357389270211,3.736543077183748,-3.2712286896825256,1.0,28.68689294297455,-0.41713191248814224,5.304641231537204,0.9566014966686011
52942,Juwan Johnson,HITCH,ZONE_COVERAGE,8,0.625,4.75,73.95833333333334,0.0,5.425000905990601,2.82180523704558,1.8459778595776988,-0.9758273774678812,0.5,35.77655814626902,-0.003950808321268068,51.347361802912175,0.4152461256032915
54517,George Pickens,IN,ZONE_COVERAGE,8,0.625,7.875,86.97916666666666,0.0,10.618749856948863,2.450895419205009,2.387086463008292,-0.06380895619671666,0.5,49.78222484812114,0.27160219949462006,52.187798104494206,0.5859210558641342
53439,DeVonta Smith,POST,ZONE_COVERAGE,8,0.625,14.75,145.83333333333331,0.0,25.048750162124634,4.098171191981466,4.20909828675879,-1.9058675299947707,0.5,20.383078717023924,0.4805977579374665,31.414422337203337,0.5055928245001787
52584,K.J. Osborn,IN,ZONE_COVERAGE,8,0.5,7.875,36.97916666666667,0.125,10.550001144409174,3.5350716605353893,3.029292744266783,-0.5057789162686059,0.5,23.397279956589298,1.4058063726547307,50.38619825599665,0.4102877341598978
47791,T.J. Hockenson,CROSS,MAN_COVERAGE,8,0.625,7.25,123.95833333333333,0.0,6.718749284744211,2.708035248024269,1.9509656892635097,-0.757069558760759,0.5,16.44292776195424,0.5654128091249931,21.742619597515212,0.8425388767214415
47791,T.J. Hockenson,POST,ZONE_COVERAGE,8,0.5,11.25,130.20833333333331,0.0,17.1399998664855,2.772730156562133,1.7962001217235237,-0.9765300348386092,0.5,25.818979311802483,0.9256335772907553,57.203097668049395,0.8751796744882261
41282,Davante Adams,GO,MAN_COVERAGE,8,0.125,2.125,39.58333333333333,0.0,19.39250040054322,1.3030361178807257,1.331246060414353,0.028209942533627325,0.0,29.610316976118977,0.8454659006820564,30.05716096895452,0.6709095453080052
46116,Christian Kirk,OUT,MAN_COVERAGE,8,0.5,5.75,67.70833333333334,0.0,7.172499179840088,1.9315411010767782,2.0539665919259975,0.12242549084921947,0.125,27.64828651879495,1.1490127623385276,40.839656247711105,0.8809082978265186
47896,Justice Hill,FLAT,ZONE_COVERAGE,8,0.625,1.75,66.66666666666666,0.0,-1.1525001525878995,8.78526369128235,5.68311899719056,-4.304810819669986,1.0,9.457122655508066,-0.45973265956382114,30.233441722035792,0.7037881969151007
46830,Brandon Powell,HITCH,ZONE_COVERAGE,8,0.875,7.625,98.4375,0.0,6.662500381469725,2.8053155457847083,2.1600967088890903,-0.6452188368956178,0.5,46.262263561972645,1.9427196241632894,92.32054224336986,0.5519010603319756
40011,Travis Kelce,CROSS,ZONE_COVERAGE,8,0.875,18.0,118.75,0.0,13.286250591278087,3.188024344397343,4.659108223748644,1.4710838793513017,0.375,17.481056275266493,-0.117002443199973,27.784717062718066,0.11640355499123034
44959,George Kittle,POST,ZONE_COVERAGE,8,0.5,12.0,93.75,0.125,15.178749918937715,3.6445096382522166,2.8513556899039876,-0.7931539483482289,0.5,37.57558108202273,-0.6387137006232837,49.55275091647186,0.7073115868261312
45244,Taysom Hill,HITCH,ZONE_COVERAGE,8,0.875,5.75,90.625,0.0,3.9812499284744245,3.4619773356094616,2.843490275563121,-0.6184870600463408,0.5,27.881969209812944,-1.55465604801812,32.826890491814915,0.28509399516876294
41233,Mike Evans,SLANT,MAN_COVERAGE,8,0.75,8.125,138.02083333333331,0.0,5.157498985528959,3.0762195664570675,2.070681805087303,-1.0055377613697645,0.375,13.006891821565429,1.2106937924071997,32.93982064180736,0.848225177398737
53518,Nico Collins,POST,ZONE_COVERAGE,8,0.75,25.0,116.66666666666667,0.125,19.542499542236335,1.6263254598153392,2.048305782477039,0.42198032266170005,0.0,32.258488993298556,0.22117704855094966,35.216681291851614,0.8781154461513122
53556,Kylen Granson,HITCH,ZONE_COVERAGE,8,0.5,3.75,59.375,0.0,5.119999885559075,2.5066260510860747,2.152618847939368,-0.354007203146707,0.25,42.804617680831356,1.971099472553018,52.16168089595352,0.3239526297537288
47808,Marquise Brown,GO,ZONE_COVERAGE,8,0.0,0.0,0.0,0.125,31.433749526738985,2.302797384049663,1.4199793347306708,-0.8828180493189925,0.25,11.965246801317008,0.46543486728341477,20.501322721870086,0.9574884317270942
53434,Ja'Marr Chase,OUT,MAN_COVERAGE,8,0.375,4.0,50.0,0.0,8.401249170303412,2.3620087751374648,1.4359920017217156,-0.9260167734157494,0.25,54.225111315636155,1.2966169580618934,54.69078518221986,0.8373552531164737
56042,Puka Nacua,IN,MAN_COVERAGE,8,0.125,3.75,42.70833333333333,0.0,8.407500267028798,1.5230447659668518,1.0264727579477018,-0.4965720080191499,0.0,29.233151575648698,1.6516352796564415,25.55519419645882,0.5967256565741261
42547,Darren Waller,SLANT,ZONE_COVERAGE,8,0.75,7.75,57.291666666666664,0.125,6.497499942779538,4.199662823486822,2.8204696101355733,-1.9423941474125126,1.0,13.462494730489674,-0.2019145909239064,35.80352628720929,0.10323856750165462
39973,DeAndre Hopkins,SLANT,ZONE_COVERAGE,8,0.625,6.625,81.77083333333334,0.0,6.829999089241084,2.920025251111434,2.0444652949803435,-0.8755599561310905,0.25,14.167123820928285,0.09356316834798128,24.535752948212725,0.611521218903819
43334,Derrick Henry,FLAT,ZONE_COVERAGE,8,0.875,2.125,79.16666666666666,0.0,-1.1362493038177504,8.636475220010425,4.894605978537196,-3.14839463387706,1.0,12.42584253565862,-1.4033777931788756,53.80283149331505,0.4608614770690171
41238,Odell Beckham,GO,ZONE_COVERAGE,8,0.25,8.25,101.04166666666667,0.0,26.64875036478047,1.8046743203592086,2.4676109135459585,0.6629365931867498,0.125,30.154456172711512,1.6046653158673123,32.50126180510309,0.9231087659175033
46093,DJ Moore,CROSS,ZONE_COVERAGE,8,0.875,11.5,114.58333333333333,0.0,6.713749408721912,4.515405090690308,3.7806037749848027,-1.1859027821101322,0.625,16.76156311494955,-0.13777356043407596,21.97493969465025,0.9164017442356567
53488,Terrace Marshall Jr.,IN,ZONE_COVERAGE,7,0.8571428571428571,9.571428571428571,106.54761904761905,0.0,8.775713784354059,4.147109363651178,2.7005278167589597,-1.4465815468922185,0.8571428571428571,46.42821794783208,1.122537685729311,38.66355133248122,0.12643498567081507
46797,Tanner Hudson,HITCH,ZONE_COVERAGE,7,0.8571428571428571,7.285714285714286,97.02380952380952,0.14285714285714285,3.8828566414968972,3.9137428985211673,2.8965201598556853,-1.0172227386654815,0.8571428571428571,36.77046545862023,-0.35337016622688544,52.98710406729231,0.24676117154140756
54475,Garrett Wilson,IN,ZONE_COVERAGE,7,0.2857142857142857,5.428571428571429,10.11904761904762,0.14285714285714285,8.222856794084814,2.8942897194675012,1.8805922025655246,-1.0136975169019768,0.2857142857142857,28.799784696822464,0.45256998878474547,25.55301693468416,0.8915157574035517
45052,Noah Brown,HITCH,ZONE_COVERAGE,7,1.0,15.714285714285714,118.75,0.0,9.245714460100427,5.201592396187908,3.6449427305054027,-1.5566496656825068,1.0,59.55603389929628,0.7668984329356389,58.62273761714984,0.3664439830165468
46213,Justin Watson,CORNER,MAN_COVERAGE,7,0.7142857142857143,18.0,113.69047619047619,0.0,22.925713675362733,2.149471388099078,2.205801060460285,0.05632967236120682,0.14285714285714285,34.73891350480027,0.5986630721677041,34.68636986249187,0.6857796881670953
55920,Rashee Rice,HITCH,MAN_COVERAGE,7,0.2857142857142857,1.4285714285714286,79.16666666666666,0.0,4.970000539507258,3.565466541687914,1.9826650010981541,-1.5828015405897595,0.5714285714285714,38.1233761026639,0.13670863576445832,38.104233112106776,0.2573318722992971
55899,Sam LaPorta,IN,MAN_COVERAGE,7,0.7142857142857143,6.714285714285714,129.16666666666669,0.0,8.288571289607377,1.4500994417176185,1.776557327673449,0.3264578859558304,0.14285714285714285,29.643051105893953,2.3407642698574267,33.98734512170934,0.6211457033457108
54634,Ty Chandler,FLAT,ZONE_COVERAGE,7,1.0,9.714285714285714,107.14285714285714,0.0,-1.8257143838065002,11.071913354618687,5.880065615646897,-2.888383113286147,1.0,18.330610059626952,-0.7784262871785216,14.77884125363478,0.8367245491660273
39989,Robert Woods,IN,ZONE_COVERAGE,7,0.42857142857142855,4.285714285714286,55.654761904761905,0.0,10.574284689767028,2.6878197212213264,1.05578637122947,-1.6320333499918558,0.2857142857142857,39.55323392964044,0.48392199089672694,25.522304604044574,0.604421834125626
55886,Zay Flowers,HITCH,MAN_COVERAGE,7,0.8571428571428571,15.0,118.75,0.0,4.938571384974886,3.1786683435261134,2.802403062689,-0.37626528083711347,0.42857142857142855,35.472746318681075,1.8539051258385602,37.32638342684281,0.27193345498224314
55886,Zay Flowers,OUT,ZONE_COVERAGE,7,0.8571428571428571,11.142857142857142,113.09523809523809,0.0,10.685713631766168,3.0490624955265573,3.790199755738044,0.7411372602114865,0.42857142857142855,45.147108889947184,0.41404782371752724,61.87987113951807,0.6033995268751067
53553,John Bates,HITCH,ZONE_COVERAGE,7,1.0,8.714285714285714,102.97619047619048,0.0,3.9128570556640576,4.651567429222527,2.262202471322881,-0.9966428794325187,0.5714285714285714,18.284342857001995,-1.7966283110124281,33.48239646599206,-0.029658883905488542
42412,Tyler Lockett,POST,ZONE_COVERAGE,7,0.5714285714285714,18.714285714285715,141.36904761904762,0.0,33.08571325029645,3.949252817995661,2.4802488989172766,-1.469003919078385,0.5714285714285714,29.512695558673535,0.5979137453575313,47.562269708661496,0.5448665386703377
46192,Durham Smythe,HITCH,ZONE_COVERAGE,7,1.0,8.857142857142858,103.57142857142858,0.0,6.487143925258084,4.509062557002865,2.631432970042266,-1.8776295869605997,1.0,30.13386076465004,-2.0021176817021087,25.951323748741068,-0.16917731073343115
53506,Josh Palmer,HITCH,ZONE_COVERAGE,7,0.8571428571428571,7.285714285714286,97.02380952380952,0.0,6.128570829118998,3.8977583077818494,2.206238861060151,-1.6915194467216985,0.5714285714285714,66.51170368141172,1.5690502646881714,58.19200038939953,0.744193797089877
54501,Breece Hall,OUT,ZONE_COVERAGE,7,0.8571428571428571,5.714285714285714,90.47619047619048,0.0,1.602855682373056,5.127422208920268,5.5106602096994886,-0.024108086036188192,0.8571428571428571,18.639967224294995,0.8542315813392296,30.18190268201223,0.6957874027537683
54517,George Pickens,POST,ZONE_COVERAGE,7,0.2857142857142857,13.714285714285714,79.16666666666666,0.2857142857142857,24.380000523158486,3.4362976372385323,3.850630021661049,0.41433238442251735,0.7142857142857143,25.831420555035862,0.6254177112167173,49.379305744688175,0.3264246987709215
41290,Allen Robinson,OUT,ZONE_COVERAGE,7,1.0,7.142857142857143,96.42857142857143,0.0,5.652857644217285,4.263020155702901,3.414601924822589,-0.848418230880312,0.8571428571428571,21.195496444526704,0.08916543976543702,40.97069185155833,0.670927627651327
54905,Jaylen Warren,OUT,ZONE_COVERAGE,7,1.0,6.142857142857143,92.26190476190476,0.0,1.1699987139020576,8.432583524026654,3.000137433425221,-2.461926488591377,1.0,20.020385027123787,0.4402607478293268,4.319568378864138,0.2992146496455796
39983,Zach Ertz,HITCH,ZONE_COVERAGE,7,0.7142857142857143,4.142857142857143,78.86904761904762,0.0,5.295713697160986,3.1218940606300056,2.0049871191564104,-1.1169069414735957,0.42857142857142855,26.329014173717024,0.2690397372892336,33.530421504028205,0.8860877282564624
47808,Marquise Brown,SLANT,ZONE_COVERAGE,7,0.14285714285714285,3.142857142857143,40.17857142857142,0.0,7.729999814714716,2.0214098962473135,1.7600209510453282,-0.26138894520198536,0.2857142857142857,25.41167482501215,0.34938405371771886,26.32274253003505,0.561213377260963
46797,Tanner Hudson,FLAT,ZONE_COVERAGE,7,0.8571428571428571,4.142857142857143,83.92857142857143,0.0,0.378572191510903,7.297175874760971,4.339055343836516,-2.557335025670616,1.0,34.30760606252185,-1.6750210462090034,72.24435972457039,0.5685233762624584
55133,Rashid Shaheed,POST,ZONE_COVERAGE,7,0.7142857142857143,28.0,113.69047619047619,0.14285714285714285,38.09999970027377,4.027240387809597,2.198543763877293,-1.8286966239323044,0.5714285714285714,31.33577039667526,0.3898653777064925,34.60269496749986,0.9359369911867539
52875,Patrick Taylor,FLAT,ZONE_COVERAGE,7,0.8571428571428571,3.4285714285714284,80.95238095238096,0.0,-1.8328568594796135,9.19682432591981,6.092474841975039,-3.11587337754012,0.8571428571428571,11.749047325378115,-0.7147077715877862,51.212062751202964,0.5135226400988693
44820,Christian McCaffrey,OUT,MAN_COVERAGE,7,0.5714285714285714,4.285714285714286,67.55952380952381,0.0,3.377143314906531,3.553441022930379,2.871353908553591,-0.6820871143767876,0.7142857142857143,32.929458487530795,1.4433820678989642,30.599155174414868,0.8627246238630005
54517,George Pickens,OUT,ZONE_COVERAGE,7,0.8571428571428571,7.142857142857143,96.42857142857143,0.0,6.479999269757927,3.9144773623448943,2.6265983535943858,-1.2878790087505085,0.7142857142857143,46.95853117984372,0.9759427376704701,51.97456822696082,0.5483153341546172
52523,Harrison Bryant,FLAT,ZONE_COVERAGE,7,0.7142857142857143,3.0,74.10714285714285,0.0,-0.23857225690570008,7.107912269605519,5.029361133732108,-2.078551135873411,1.0,17.4120843860953,-0.4892993230612849,35.6689589148733,0.21122021898288348
54518,Alec Pierce,IN,ZONE_COVERAGE,7,0.5714285714285714,5.142857142857143,71.13095238095238,0.0,8.082857404436355,4.168055288004468,1.981124740554477,-2.186930547449991,0.5714285714285714,56.919198884813625,0.37934387464695024,42.91898767142341,0.5268149266235728
54571,Cade Otton,GO,ZONE_COVERAGE,7,0.5714285714285714,12.428571428571429,141.07142857142858,0.0,20.0600008964538,2.488592323885461,2.4321895815224153,-0.2466140248688648,0.2857142857142857,14.110817657493543,0.6917462526597189,44.83666241504435,0.730911974863255
55900,Michael Mayer,HITCH,ZONE_COVERAGE,7,0.8571428571428571,10.0,108.33333333333333,0.0,5.164285114833314,4.604549893937812,3.0525464452891384,-1.5520034486486731,0.7142857142857143,31.912570643217446,-0.38395930009160345,58.8824786536927,0.39063086645355255
55965,Tre Tucker,HITCH,ZONE_COVERAGE,7,0.7142857142857143,7.285714285714286,91.96428571428572,0.0,8.242857524326872,3.737796242547692,2.817373343373004,-0.9204228991746872,0.5714285714285714,83.40019483696608,2.314535319833493,93.2710793007891,0.019513013562483337
53478,Rondale Moore,CROSS,ZONE_COVERAGE,7,0.42857142857142855,3.7142857142857144,53.273809523809526,0.0,2.2914287022181865,6.018337765100696,3.6689882779533494,-0.9279785866676479,0.5714285714285714,9.060632886711671,0.2120602278670276,13.5177417711734,0.803243500827358
55959,Michael Wilson,OUT,ZONE_COVERAGE,7,0.7142857142857143,9.857142857142858,102.67857142857144,0.0,9.129999433244972,4.695311077591353,1.6810723745759721,-1.1220813231320046,0.42857142857142855,42.73764647800017,1.5371636824688282,30.01823828309384,0.9478992827576366
46071,Saquon Barkley,OUT,ZONE_COVERAGE,7,0.5714285714285714,10.0,130.95238095238096,0.0,6.004285403660371,5.277709841453665,4.078617201256951,-0.11291452947855556,0.5714285714285714,16.253651351106317,-0.19198325153130444,28.840543484865737,0.5854386933306115
42547,Darren Waller,CROSS,ZONE_COVERAGE,7,0.8571428571428571,11.428571428571429,114.2857142857143,0.0,9.104285648890897,3.4361827657759982,4.721730511282307,1.0113723478855914,0.42857142857142855,10.474057974675011,0.33076038504246796,22.584286898920467,0.9226517035216624
54629,Kyren Williams,ANGLE,ZONE_COVERAGE,7,0.5714285714285714,5.714285714285714,73.51190476190476,0.0,2.180000305175787,8.027151256049239,3.8538548137437374,-1.9077989857707773,0.8571428571428571,29.255203589639102,0.5428852974385556,16.629855821603996,0.585899703606979
43344,Tyler Boyd,SLANT,ZONE_COVERAGE,7,0.8571428571428571,6.571428571428571,94.04761904761904,0.0,4.205714089529872,3.7423085166865495,3.0614391294140413,-0.680869387272508,0.5714285714285714,28.359445189234144,1.052596139438996,46.97294228083183,0.3492452508708574
42489,Stefon Diggs,CORNER,MAN_COVERAGE,7,0.7142857142857143,19.857142857142858,153.27380952380952,0.0,17.025713920593258,1.529408970852882,2.079651712284004,0.5502427414311218,0.0,34.284226689716554,1.259805754141862,56.95737284560617,0.7055827736206839
54604,Isaiah Likely,HITCH,ZONE_COVERAGE,7,0.8571428571428571,8.428571428571429,101.7857142857143,0.0,4.770000185285302,3.573201840674616,2.430755056283908,-1.1424467843907085,0.7142857142857143,27.181559687145043,-0.6890111191095541,32.27652110341923,0.6378640277824428
53506,Josh Palmer,SLANT,MAN_COVERAGE,7,0.7142857142857143,4.0,78.27380952380952,0.0,3.360000610351539,4.103988584442619,1.249089329098256,-2.0756769698668887,0.5714285714285714,26.091125920093727,1.454121042616381,33.98646788842697,0.9099985263813855
54608,Chig Okonkwo,FLAT,ZONE_COVERAGE,7,1.0,6.0,91.66666666666666,0.0,1.8328584943498842,7.120003423724818,4.704750767254238,-2.4723432232636893,1.0,17.63654264699514,0.6039808757625391,36.35430147954991,0.5973605774901981
47791,T.J. Hockenson,IN,MAN_COVERAGE,7,0.8571428571428571,9.857142857142858,147.32142857142858,0.0,7.004285608019147,1.8799566169401236,1.8930551307618637,0.013098513821740146,0.14285714285714285,28.38484351353905,2.453670040153831,21.03612594433914,0.7210432804721217
55915,Jayden Reed,OUT,ZONE_COVERAGE,7,1.0,9.571428571428571,106.54761904761905,0.0,7.189999444144129,3.9994290007390267,3.8907217355040777,-0.10870726523494938,0.5714285714285714,41.12209118491189,0.28872882667822075,41.07540552230221,0.663629781994602
44835,Evan Engram,SLANT,MAN_COVERAGE,7,0.7142857142857143,7.857142857142857,94.34523809523809,0.2857142857142857,5.064286708831777,2.920861450339392,2.2006726452641465,-0.7201888050752455,0.42857142857142855,23.000216890514668,1.7329394791677157,41.93873326931766,0.7228299224544246
42489,Stefon Diggs,GO,MAN_COVERAGE,7,0.42857142857142855,9.0,114.88095238095238,0.0,20.354284831455857,1.3405977028718266,0.8314437115166502,-0.5091539913551762,0.0,18.45658545045753,1.5757112257402617,21.93357299305879,0.9032588709650663
54528,James Cook,FLAT,MAN_COVERAGE,7,0.7142857142857143,15.0,153.27380952380952,0.0,0.8242860521589707,7.458799993657204,5.929289923191984,-0.036165029194705246,0.8571428571428571,14.666052453102196,0.9445608138544289,21.616278531789757,0.44966724390810353
44917,James Conner,FLAT,ZONE_COVERAGE,7,1.0,6.285714285714286,92.85714285714285,0.0,-3.7771437508718555,10.764484802081979,6.497316155001773,-2.9671985989094543,1.0,14.295338041611789,-0.8454905604692965,33.56386836176053,0.5662434790400236
55959,Michael Wilson,IN,ZONE_COVERAGE,7,0.8571428571428571,15.428571428571429,118.75,0.0,14.695714133126401,3.394206351568214,2.803989398403247,-0.5902169531649678,0.5714285714285714,37.62327868228845,0.1064517369747282,47.673068754233626,0.737077185162567
43344,Tyler Boyd,CROSS,ZONE_COVERAGE,7,0.5714285714285714,4.0,26.785714285714285,0.2857142857142857,7.598570687430248,4.616520348046186,3.4496805911349306,-0.9991461475650322,0.7142857142857143,14.565839545341893,0.3183224916658034,29.89886251620671,0.8477692650450311
40024,Keenan Allen,GO,MAN_COVERAGE,7,0.42857142857142855,10.428571428571429,81.25,0.0,19.364285741533514,1.424103760740788,2.9651918303194096,1.5410880695786209,0.0,23.8206686215912,1.1712551452754176,23.30788772999009,0.6474958668315904
47835,Drew Sample,FLAT,ZONE_COVERAGE,7,1.0,6.714285714285714,94.64285714285715,0.0,-1.975713457380041,9.662504888396397,5.834187927432758,0.12482343498201087,1.0,17.823589044177897,-0.13607036279693713,33.0761517678555,0.2327008369059172
46116,Christian Kirk,GO,MAN_COVERAGE,7,0.42857142857142855,15.571428571428571,89.88095238095238,0.0,23.437142235892118,2.0234359968160733,1.8670821084441307,-0.15635388837194242,0.2857142857142857,38.32293897438342,1.014568259036612,49.60540309718118,0.8618279238450438
54476,Chris Olave,POST,ZONE_COVERAGE,7,0.2857142857142857,5.0,47.91666666666667,0.0,36.78285660062515,3.459039762108634,1.6147928280432795,-1.844246934065355,0.42857142857142855,34.98003710114272,0.5524491104094054,66.74955248186464,0.8215314741897696
53074,Nick Westbrook-Ikhine,OUT,ZONE_COVERAGE,7,0.8571428571428571,8.571428571428571,102.38095238095238,0.0,5.945713588169629,3.1403001143400635,2.619512686676391,-0.5207874276636719,0.5714285714285714,33.85001473733151,0.6642489371950434,40.17520723561517,0.8924615187404762
53074,Nick Westbrook-Ikhine,CROSS,ZONE_COVERAGE,7,0.8571428571428571,8.0,139.58333333333331,0.0,4.77428545270647,3.818588654615678,2.6470381360370037,-0.8147367188356752,0.7142857142857143,4.891015307024601,-0.2653209494311766,16.30011323784475,0.4249277070544471
53434,Ja'Marr Chase,SLANT,ZONE_COVERAGE,7,0.7142857142857143,10.428571428571429,105.05952380952381,0.0,5.8228563581195,2.4265093450816932,2.710365513232916,0.28385616815122366,0.2857142857142857,30.159910751681924,1.3488253597085667,50.576327186634,0.7167210095685804
52425,CeeDee Lamb,IN,ZONE_COVERAGE,7,0.7142857142857143,8.285714285714286,96.13095238095238,0.0,6.314284460885185,2.477559778645395,3.169277462867073,0.6917176842216773,0.2857142857142857,14.22325281553749,1.8641814146966094,24.509136944107475,0.5759910272729638
54499,Christian Watson,HITCH,ZONE_COVERAGE,7,0.5714285714285714,7.285714285714286,40.476190476190474,0.14285714285714285,9.072857448032929,3.717356647167494,2.6390269435814444,-1.0783297035860493,0.7142857142857143,44.20446971202551,1.1324874450875664,64.5020170491497,0.41185856786653935
41282,Davante Adams,CROSS,ZONE_COVERAGE,7,0.2857142857142857,7.714285714285714,59.226190476190474,0.0,16.3428568158831,3.5207266487850006,2.4366854327442877,-1.0840412160407127,0.2857142857142857,25.088518420947263,0.9896676877348182,28.397368233038247,0.8651597458439445
43370,Austin Hooper,FLAT,ZONE_COVERAGE,7,0.7142857142857143,5.714285714285714,85.41666666666666,0.0,0.014285223824683462,7.830814420091666,4.4820259029217215,-1.1100868896313651,0.8571428571428571,14.29930845163716,-0.07286859948464729,29.474898658619047,0.5306069805818265
54553,Jalen Tolbert,HITCH,ZONE_COVERAGE,7,0.8571428571428571,10.428571428571429,70.53571428571429,0.14285714285714285,10.080000196184427,3.221760336268947,2.3515428626341297,-0.8702174736348175,0.5714285714285714,81.35159618520353,1.7818035603310463,75.13629352409862,0.3641196274240342
54629,Kyren Williams,OUT,ZONE_COVERAGE,7,1.0,7.428571428571429,97.61904761904762,0.0,1.122857230050215,6.961706361261272,3.828759090250927,-1.089193706234557,1.0,11.290700804605327,-0.286252928677321,38.525237258280434,0.3782439229160136
56042,Puka Nacua,OUT,ZONE_COVERAGE,7,0.7142857142857143,7.714285714285714,93.75,0.0,8.651428222656273,3.26887183895613,2.1006040367348873,-1.1682678022212427,0.5714285714285714,46.737413049168254,1.0177566367998803,47.984018598313064,0.8320997789628304
46226,Tyler Conklin,FLAT,ZONE_COVERAGE,7,1.0,3.5714285714285716,81.54761904761904,0.0,-0.20285742623465555,8.197789576266091,3.742823636089243,-3.374084467509018,1.0,12.785534760346232,-1.1324991054200528,24.283760505640437,0.8077959620496995
54481,Jahan Dotson,OUT,MAN_COVERAGE,7,0.7142857142857143,7.285714285714286,52.38095238095239,0.14285714285714285,6.382857322692867,2.835905114134311,3.2832591332229977,0.6493923956047173,0.42857142857142855,20.445344470007946,1.0169311360928615,19.7705487035478,0.789831340704616
46118,Dallas Goedert,OUT,ZONE_COVERAGE,7,0.7142857142857143,4.857142857142857,42.26190476190476,0.14285714285714285,6.188571929931642,3.311672580781905,1.5164615618775816,-1.7952110189043236,0.7142857142857143,33.51728525259674,0.9297083369166904,27.00387332923179,0.9009426517630956
55133,Rashid Shaheed,HITCH,ZONE_COVERAGE,7,1.0,10.285714285714286,109.52380952380952,0.0,6.791428974696558,5.210989886993744,2.966903500123816,-2.2440863868699283,0.8571428571428571,69.00557309243375,0.7606557293177677,53.06368702316492,0.23736483197752575
55884,Jaxon Smith-Njigba,CROSS,ZONE_COVERAGE,7,0.8571428571428571,6.714285714285714,94.64285714285715,0.0,-0.5971423557826411,7.984347350026447,3.436715795824064,-1.3426705563620605,0.7142857142857143,14.243844141570731,-0.5493013011484267,6.442889605365664,0.9571319457823046
43399,Tyler Higbee,OUT,ZONE_COVERAGE,7,0.42857142857142855,2.5714285714285716,50.297619047619044,0.0,5.834286553519115,3.0468283668006855,1.8399071819741208,-1.2069211848265646,0.42857142857142855,21.42053683100872,0.8530894242301038,25.144137262176006,0.6212825168957222
48471,Trenton Irwin,HITCH,ZONE_COVERAGE,7,1.0,9.571428571428571,106.54761904761905,0.0,5.2600005013602145,3.5975574486729047,3.0717515122033783,-0.5258059364695257,0.5714285714285714,41.829473894878184,0.33711745904017004,50.54490752015191,0.14818417728463415
46118,Dallas Goedert,CROSS,ZONE_COVERAGE,7,0.8571428571428571,13.285714285714286,118.75,0.0,4.872857230050211,4.282381887922383,4.109917201755237,-0.35093866553064385,0.8571428571428571,9.817996427167348,-0.15535675447893205,28.7799253985114,0.4772643308715799
44881,Cooper Kupp,SLANT,MAN_COVERAGE,7,0.2857142857142857,4.142857142857143,44.345238095238095,0.0,5.685714176722927,2.255555002086982,2.2374122822132803,-0.01814271987370164,0.2857142857142857,18.215196962750667,1.8642142416997562,33.291357709597975,0.4983107691580768
41246,Brandin Cooks,OUT,ZONE_COVERAGE,7,0.7142857142857143,4.285714285714286,119.04761904761905,0.0,8.07428577968054,2.400309861517953,1.648279266018432,-0.7520305954995211,0.2857142857142857,23.264128726520855,1.3251888567833163,27.165457633224324,0.8352603147096522
55133,Rashid Shaheed,IN,ZONE_COVERAGE,7,0.42857142857142855,3.2857142857142856,11.904761904761903,0.14285714285714285,9.858571529388431,2.311744788901964,2.1675108382733117,-0.14423395062865202,0.14285714285714285,32.1341199633594,0.4681097992070565,28.86105720888694,0.756140283303021
48097,Jakobi Meyers,SLANT,ZONE_COVERAGE,7,1.0,8.0,139.58333333333331,0.0,4.6857154028756,3.79390563842549,2.8171192436865007,-0.9767863947389891,0.5714285714285714,23.163418885182598,0.6317429358598841,41.990005167524444,0.3909009767346709
46109,Courtland Sutton,POST,ZONE_COVERAGE,7,0.7142857142857143,13.285714285714286,153.27380952380952,0.0,19.370000413485933,2.2776863910207132,2.6721588502153173,0.39447245919460416,0.2857142857142857,19.455013880741525,1.065829550123435,28.673306580981773,0.6475644805439372
48097,Jakobi Meyers,CROSS,ZONE_COVERAGE,7,0.7142857142857143,9.285714285714286,100.29761904761905,0.14285714285714285,7.790000643048957,3.415037847942823,3.9769542685153234,0.5619164205725004,0.42857142857142855,8.716436350323177,-0.5079523467278502,27.799964317894695,0.7981236607296328
56042,Puka Nacua,GO,ZONE_COVERAGE,7,0.2857142857142857,11.142857142857142,73.51190476190476,0.0,24.462857246398944,2.0948589649839384,1.6258834516125942,-0.4689755133713445,0.14285714285714285,21.26044255055339,0.41106420236183566,23.7172041827979,0.8195667519716535
52942,Juwan Johnson,CROSS,ZONE_COVERAGE,7,0.5714285714285714,6.142857142857143,35.714285714285715,0.2857142857142857,5.799999237060573,4.432540015236798,2.4949816109065783,-1.7180165234429545,0.5714285714285714,15.486036557965807,0.4529910125084812,13.309749278013166,0.8735017531868462
39989,Robert Woods,OUT,ZONE_COVERAGE,7,0.8571428571428571,9.857142857142858,107.73809523809523,0.0,9.32000023978097,4.044105730730829,3.317593353582666,-0.7265123771481631,0.5714285714285714,51.564819071997086,1.1407087626612118,50.36748681894163,0.743063911069556
53518,Nico Collins,CROSS,ZONE_COVERAGE,7,0.7142857142857143,10.571428571428571,105.65476190476191,0.0,8.667143685477113,4.589676464769165,5.842821016963154,-2.794861208840986,0.8571428571428571,13.48851677381309,0.18915997837329787,25.686055770648977,0.9903393929536626
44835,Evan Engram,FLAT,ZONE_COVERAGE,7,1.0,5.285714285714286,88.69047619047619,0.0,0.8099994659423858,6.869651983967136,4.615716276391671,-2.333004565161621,0.8571428571428571,17.38481065265321,0.04730229797301381,35.465735173124344,0.6732868524410982
47834,A.J. Brown,SLANT,ZONE_COVERAGE,7,1.0,9.285714285714286,105.35714285714286,0.0,6.598571777343742,4.567749235820086,2.8786413206161137,-1.6891079152039725,0.7142857142857143,28.11437200699328,-0.2744329494371761,20.747546886746147,0.456251003628301
47859,Terry McLaurin,HITCH,MAN_COVERAGE,7,0.2857142857142857,2.0,39.58333333333333,0.0,7.755714961460687,1.4647969193862669,1.4012247779407845,-0.0635721414454822,0.0,47.31978954840003,2.3426817172518226,67.76480782327376,0.5649816008175116
54481,Jahan Dotson,CROSS,MAN_COVERAGE,7,0.42857142857142855,5.285714285714286,59.82142857142857,0.0,4.4600012642997005,3.547049034636104,2.0167760619440105,-1.314820746654483,0.7142857142857143,7.286179930067846,0.7272306225345471,10.605640992501884,0.8416475720813515
41233,Mike Evans,OUT,MAN_COVERAGE,7,0.5714285714285714,5.571428571428571,112.5,0.0,9.505714484623415,2.015335455403267,1.2839796007801978,-0.7313558546230695,0.14285714285714285,38.260718907522005,1.1667413841036502,43.91815572432204,0.8931134440419056
54608,Chig Okonkwo,HITCH,ZONE_COVERAGE,7,0.5714285714285714,7.428571428571429,80.65476190476191,0.0,4.842855998447957,4.143094219153788,3.451329678341926,-0.4045774375349465,0.5714285714285714,36.18785270980254,-0.1335055719349316,41.97896906497795,0.49378673570445425
41233,Mike Evans,POST,ZONE_COVERAGE,7,0.7142857142857143,25.714285714285715,153.27380952380952,0.0,27.747142996106845,2.3275740909349336,1.8357688723792835,-0.4918052185556499,0.2857142857142857,30.834303802712572,0.17516010825058817,38.601763840311285,0.7733947027566253
52430,Justin Jefferson,CORNER,ZONE_COVERAGE,7,0.5714285714285714,14.714285714285714,101.78571428571428,0.0,21.547143118722147,3.2681730852031508,2.0852481153158906,-1.18292496988726,0.5714285714285714,36.84194239233783,0.3197322277343453,65.10305547948187,0.23485561227739632
52430,Justin Jefferson,HITCH,ZONE_COVERAGE,7,0.7142857142857143,5.142857142857143,83.03571428571429,0.0,3.990000588553273,5.7812022182898914,3.1785026194887656,-2.6026995988011263,0.8571428571428571,89.64163356099414,0.9422518748578005,51.47476576796474,0.7524379710136768
55887,Jordan Addison,HITCH,ZONE_COVERAGE,7,1.0,6.428571428571429,93.45238095238096,0.0,3.6385716029575272,5.326974420858932,3.9369972972377396,-1.3899771236211917,1.0,43.65830300321712,1.0457599500255714,44.630940030059556,0.24613133679911114
46192,Durham Smythe,GO,ZONE_COVERAGE,7,0.8571428571428571,12.857142857142858,118.75,0.0,8.369999749319884,5.30063452582958,4.029468479869854,-1.2711660459597272,1.0,15.289393686079402,-0.5048878653736146,41.906537704839316,0.22406172454348483
44874,JuJu Smith-Schuster,HITCH,ZONE_COVERAGE,7,0.5714285714285714,6.0,74.70238095238095,0.0,8.878571101597357,3.055048447702394,1.6308668368151744,-1.4241816108872196,0.42857142857142855,39.60123451814228,2.0980524750948066,61.28384257360072,0.4432305919586203
52430,Justin Jefferson,GO,ZONE_COVERAGE,7,0.42857142857142855,12.285714285714286,88.98809523809524,0.14285714285714285,26.114286593028446,1.8673876452953528,2.196486378633069,0.3290987333377161,0.14285714285714285,35.217828302415576,0.8532601028230121,34.56995013105951,0.7440829062511709
47834,A.J. Brown,CROSS,MAN_COVERAGE,7,0.7142857142857143,5.857142857142857,125.59523809523809,0.0,1.8228558131627142,4.440416666586404,3.3705085082730406,-1.9406943343660366,0.5714285714285714,4.500279912529903,0.3003834835580785,16.09386395856267,0.6089852142021839
47834,A.J. Brown,HITCH,MAN_COVERAGE,7,0.7142857142857143,7.142857142857143,91.36904761904762,0.0,6.8885718754359715,3.494083308904337,2.008771568425509,-1.4853117404788279,0.5714285714285714,90.69467735439707,2.6091472277346592,88.95832778038127,0.7500213730927692
47879,Dawson Knox,FLAT,ZONE_COVERAGE,7,0.8571428571428571,5.0,87.5,0.0,0.12999834333147017,8.821935186008892,5.101794502078068,-2.603958776124304,1.0,15.897172359037882,-0.8987820958205327,38.023556115150654,0.15381038269456315
42357,DeVante Parker,GO,ZONE_COVERAGE,7,0.2857142857142857,7.0,56.25,0.0,27.191429683140342,1.1977334334146736,0.8858917806376001,-0.3118416527770734,0.0,22.699479633977777,0.25936864810926075,22.931512460259523,0.8315295619325548
54508,Wan'Dale Robinson,FLAT,ZONE_COVERAGE,7,0.8571428571428571,3.2857142857142856,80.35714285714285,0.0,1.7657146453857142,5.558889320624671,4.27505073428723,-1.2860971720070757,1.0,11.453228652946933,-0.4141039823603946,42.8668417198081,0.8345564128300418
52442,Michael Pittman,IN,MAN_COVERAGE,7,0.42857142857142855,4.0,54.46428571428571,0.0,6.232855660574788,2.1739517664418506,1.8334110025531036,-0.34054076388874716,0.2857142857142857,27.581529023055502,1.0960771883584608,41.56375878094717,0.4085567594841645
47791,T.J. Hockenson,IN,ZONE_COVERAGE,7,0.7142857142857143,6.571428571428571,88.98809523809524,0.0,4.0614283425468,3.537668882625611,3.505425014882456,-0.03224386774315513,0.42857142857142855,16.54882726649282,2.021016995620026,23.069407777566447,0.18733504913175975
52536,Gabe Davis,GO,MAN_COVERAGE,7,0.5714285714285714,12.571428571428571,101.78571428571428,0.0,19.7942861829485,1.6050637424285175,0.9824346733146144,-0.6226290691139028,0.0,44.38762124795543,1.4301090910281142,40.576059458833974,0.7724739590231428
53041,Rico Dowdle,FLAT,ZONE_COVERAGE,7,0.7142857142857143,5.285714285714286,83.63095238095238,0.0,-2.094284602573943,7.311398116706897,6.612841136376528,0.08293916590861598,0.8571428571428571,14.33073734348108,-0.9426050226094077,22.352232751407474,0.10256707299920076
46377,Jeff Wilson,FLAT,ZONE_COVERAGE,7,1.0,9.857142857142858,107.73809523809523,0.0,0.7128575188773143,8.409572744305436,6.557299752284469,-1.636396985578064,1.0,11.831841710888702,-0.3041754640214404,45.37027951936985,0.48198525627570293
40488,Adam Thielen,SLANT,MAN_COVERAGE,7,0.7142857142857143,5.857142857142857,86.01190476190476,0.0,4.377141680036241,2.0012206606825633,2.2641259741010495,0.26290531341848655,0.14285714285714285,12.680052181890463,1.5855449356891962,13.588307621242251,0.6950112516134401
46206,Dalton Schultz,OUT,MAN_COVERAGE,7,0.5714285714285714,6.0,114.28571428571428,0.0,7.780000414167087,2.0647646778044644,2.022625791628939,-0.042138886175525365,0.14285714285714285,37.65826747414491,0.9868687551348716,36.86748130084428,0.8588187769287716
52440,Clyde Edwards-Helaire,FLAT,ZONE_COVERAGE,7,0.7142857142857143,4.0,78.27380952380952,0.0,-4.207142284938278,10.593492676733947,7.122593900396799,-1.075205896360346,1.0,14.012815527828979,-0.9206115232770783,51.45534969655556,0.012624885188846469
40011,Travis Kelce,IN,ZONE_COVERAGE,7,0.42857142857142855,5.714285714285714,101.19047619047619,0.0,10.085713250296484,2.7279568501603246,2.7728369058782585,0.04488005571793335,0.2857142857142857,29.83425227404126,-0.6045030285547632,35.83787783451376,0.4830598600526247
46213,Justin Watson,CROSS,MAN_COVERAGE,7,0.7142857142857143,16.428571428571427,153.27380952380952,0.0,19.627143314906416,3.1504785704346037,2.369380552910261,-0.7810980175243428,0.2857142857142857,19.229503098994122,1.2060908770211338,33.3877590617638,0.8095163490860556
46095,Calvin Ridley,CROSS,ZONE_COVERAGE,7,0.42857142857142855,5.0,58.63095238095239,0.14285714285714285,10.150000512599917,4.796772359388906,2.6386954555109794,-2.012656739507334,0.7142857142857143,13.451704256116727,-1.078464823310138,15.031820197833397,0.7355706426380699
56027,Will Mallory,HITCH,ZONE_COVERAGE,7,1.0,9.571428571428571,106.54761904761905,0.0,5.221427645002101,4.0496550157007345,2.6956867755116525,-1.3539682401890827,0.7142857142857143,42.21582970175019,-0.28261605501777903,27.747900802046246,0.5733223861701635
39989,Robert Woods,CROSS,MAN_COVERAGE,7,0.5714285714285714,5.285714285714286,32.14285714285714,0.14285714285714285,7.541429792131657,1.8895363607226432,1.6548159112433587,-0.23472044947928472,0.14285714285714285,16.73297833749614,0.6753349087579722,24.342095333276724,0.7644073746403973
56042,Puka Nacua,POST,ZONE_COVERAGE,7,0.5714285714285714,20.857142857142858,141.36904761904762,0.0,18.35428564889091,4.237276909708915,5.373844449243123,1.1365675395342087,0.7142857142857143,26.43513667579058,-0.013839707801861627,30.00238988376203,0.4111785560791881
55980,Roschon Johnson,ANGLE,ZONE_COVERAGE,7,0.8571428571428571,9.857142857142858,107.73809523809523,0.0,0.8842847006661729,8.780176433608238,1.883236696338276,-3.007633255780704,1.0,10.243216520385873,-0.2534988228740959,18.18663039744061,0.9302978321598588
52513,Adam Trautman,FLAT,ZONE_COVERAGE,7,1.0,6.0,91.66666666666666,0.0,0.9971422467912292,6.26490181169017,4.222019874529599,-2.3076788418326166,1.0,10.086871498135764,0.07298089868949502,21.40196331503105,0.6719171922005547
54475,Garrett Wilson,SCREEN,ZONE_COVERAGE,7,1.0,6.428571428571429,93.45238095238096,0.0,-1.4214270455496723,8.090512666731625,5.4314497451679165,-2.006249269786836,1.0,15.424668673498518,1.292452272725995,26.053449799326852,0.8144800724677012
52425,CeeDee Lamb,POST,ZONE_COVERAGE,7,0.7142857142857143,12.142857142857142,151.7857142857143,0.0,17.991427762167614,2.9744207379940426,2.4314358749648286,-0.5429848630292148,0.42857142857142855,29.782794826174552,0.08136718427328139,40.49323656449523,0.7961471562110783
52441,Tee Higgins,GO,ZONE_COVERAGE,7,0.2857142857142857,9.571428571428571,66.96428571428571,0.0,24.968571254185285,3.879847025494004,1.902844706495767,-2.3572506750375353,0.5714285714285714,21.865226690497753,0.47143591820853203,31.46202109126393,0.8637572012343624
42363,Nelson Agholor,IN,ZONE_COVERAGE,7,0.7142857142857143,7.714285714285714,93.75,0.0,9.854285648890917,5.337469662904495,2.8951383184004382,-2.5623887150633506,0.8571428571428571,20.80257855082553,-0.696449418619352,49.53641979309957,0.5057423748857973
53541,Amon-Ra St. Brown,GO,ZONE_COVERAGE,7,0.5714285714285714,24.714285714285715,141.36904761904762,0.0,26.792856080191534,2.8508258105429696,2.8723010630304247,0.021475252487454983,0.2857142857142857,37.122602633147935,0.9826452338840836,54.32404532531151,0.8398049767830605
55899,Sam LaPorta,FLAT,ZONE_COVERAGE,7,1.0,5.285714285714286,88.69047619047619,0.0,-1.0214276994977867,8.888093864577824,5.972962286474406,-2.1022287179317765,1.0,7.404555031379983,0.2745776935261693,54.87708544401194,0.3823375214179048
53541,Amon-Ra St. Brown,SLANT,ZONE_COVERAGE,7,0.5714285714285714,9.857142857142858,130.35714285714286,0.0,5.542857033865816,2.7472202784821493,3.660973656601919,0.9137533781197705,0.2857142857142857,29.806237563128146,1.090176870106348,42.34397274770186,0.30021040114741104
47803,Noah Fant,HITCH,ZONE_COVERAGE,7,0.8571428571428571,8.285714285714286,101.19047619047619,0.0,4.781428745814728,6.345455316509757,3.9098965331039737,-2.390681596667333,0.8571428571428571,20.790984563765278,0.1127004082766816,39.91516643856654,0.765045128830243
52433,Brandon Aiyuk,HITCH,ZONE_COVERAGE,7,0.7142857142857143,14.0,113.69047619047619,0.14285714285714285,12.128571101597373,3.525413158340586,3.3538044026884597,-0.17160875565212644,0.8571428571428571,44.0637468981828,0.7194233684436807,63.5068810538162,0.5910020047039983
54475,Garrett Wilson,SLANT,ZONE_COVERAGE,7,0.42857142857142855,3.4285714285714284,52.083333333333336,0.0,6.538571221487842,2.5801541471483938,2.3149149603371764,-0.2652391868112168,0.2857142857142857,13.576174432327804,0.9090774436653231,21.151407388031203,0.6148638812724794
54481,Jahan Dotson,HITCH,MAN_COVERAGE,6,1.0,9.0,143.75,0.0,5.869999885559082,4.242710782479476,2.6507705541145437,-1.5919402283649315,0.8333333333333334,60.67178639432948,1.8067181836611106,68.66115613043246,0.7584897180684708
42412,Tyler Lockett,CROSS,ZONE_COVERAGE,6,0.6666666666666666,8.833333333333334,94.44444444444446,0.0,5.208333333333315,5.970011645660818,6.7960662498867155,-0.9658878613760182,1.0,8.853323700141013,-1.154686039582798,10.414517929384195,0.17842680321245394
45573,Austin Ekeler,OUT,ZONE_COVERAGE,6,0.3333333333333333,1.3333333333333333,42.36111111111111,0.0,0.19833310445148436,7.891796087833811,3.9612454682349383,-1.4679441160565283,1.0,17.804162411916305,0.23640558946241885,22.123904659155613,0.982431557177846
47847,DK Metcalf,POST,MAN_COVERAGE,6,0.5,11.833333333333334,93.05555555555557,0.0,18.464999874432873,1.9521299236902152,3.318364310454696,1.3662343867644806,0.16666666666666666,27.285797968877294,0.9926098363696294,45.16975352110861,0.7359986076972401
54694,Bo Melton,HITCH,ZONE_COVERAGE,6,1.0,12.833333333333334,118.75,0.0,7.801666577657049,4.4936214535161545,3.9128757133461534,-0.5807457401700001,1.0,57.45865741347339,-0.27191222482498684,94.43286344006158,0.21901110514338384
52501,Darrynton Evans,FLAT,ZONE_COVERAGE,6,0.8333333333333334,6.5,93.75,0.0,-2.1049989064534507,11.653868320550224,6.46312604559333,-1.6033207607307558,1.0,18.279671427173287,0.6964990582779924,25.530294334731664,0.9543152502723656
42412,Tyler Lockett,GO,MAN_COVERAGE,6,0.5,10.333333333333334,86.80555555555557,0.16666666666666666,24.64833291371656,1.2374878954136257,1.5827519485011436,0.34526405308751795,0.0,26.261380852555035,1.1871290736683802,33.24469618682087,0.9352500542966506
44959,George Kittle,GO,ZONE_COVERAGE,6,0.8333333333333334,24.0,158.33333333333331,0.0,17.8583345413208,3.634809761367874,2.7603161539518397,-0.8744936074160333,0.6666666666666666,25.133428641592648,-0.01505124043793534,26.00785061597162,0.9049012128837545
44959,George Kittle,HITCH,ZONE_COVERAGE,6,0.8333333333333334,5.333333333333333,49.30555555555555,0.16666666666666666,3.7066675821940627,4.810404872074775,2.574591117603439,-1.575252439285779,0.8333333333333334,20.69986959847823,0.19539783880030118,56.89068045304653,0.7029868261452783
53463,Elijah Moore,IN,ZONE_COVERAGE,6,0.16666666666666666,1.5,39.58333333333333,0.0,14.62333297729493,4.899311242367058,4.6959187536866835,-0.2033924886803741,0.6666666666666666,30.935602462877736,-0.014283241157245996,56.779711887466114,0.47183405854720384
47920,Foster Moreau,HITCH,ZONE_COVERAGE,6,0.8333333333333334,7.5,97.91666666666666,0.0,3.84999974568685,5.260904642538038,1.6578069299475215,-1.5314792886927908,0.5,31.393339365346673,0.15172574401306163,44.92034282637427,0.7806105354308915
52449,Jonathan Taylor,FLAT,ZONE_COVERAGE,6,0.6666666666666666,1.0,70.13888888888889,0.0,-1.3116664886473839,6.011169123560895,4.451911405741286,-1.5592577178196079,1.0,14.743319981340647,-0.7584736006656191,38.186778334532114,0.7345996834687231
53512,Tommy Tremble,FLAT,ZONE_COVERAGE,6,1.0,9.166666666666666,104.8611111111111,0.0,-0.2116654713948686,8.193717246911087,5.335136916836609,-1.8044107671435434,1.0,13.451233510759488,0.439515995011828,29.89623366124055,0.5852127243741538
53463,Elijah Moore,HITCH,MAN_COVERAGE,6,0.3333333333333333,0.16666666666666666,42.36111111111111,0.0,10.955000559488951,2.349325696869285,2.91405011593884,0.5647244190695551,0.3333333333333333,66.5660691986192,1.9218630709881477,69.80318337356388,0.6989741657723268
53541,Amon-Ra St. Brown,POST,ZONE_COVERAGE,6,0.8333333333333334,22.666666666666668,79.16666666666666,0.16666666666666666,19.49833329518635,3.1042825283929063,3.2521865710095637,0.14790404261665765,0.5,34.082315066398465,0.4638493663946906,44.063110425633134,0.8923551170692394
52442,Michael Pittman,IN,ZONE_COVERAGE,6,0.5,6.5,31.25,0.16666666666666666,11.25,3.335835420207232,2.2018292567355355,-1.1340061634716967,0.5,37.94096228302633,0.4001268509405258,30.949493663150452,0.32009275944399446
46206,Dalton Schultz,CROSS,ZONE_COVERAGE,6,0.8333333333333334,9.666666666666666,106.94444444444444,0.0,5.271666844685883,4.946074573729262,4.08313294051496,-0.7879685946361159,0.8333333333333334,14.161716093556223,-1.4768895274654248,14.860300192478741,0.8241503125301441
44881,Cooper Kupp,HITCH,ZONE_COVERAGE,6,0.8333333333333334,6.5,54.166666666666664,0.16666666666666666,3.945000966389982,4.775671315721779,3.3674082898724396,-1.4082630258493385,0.8333333333333334,35.15955527371469,-0.11492847858172588,37.591313867341064,0.5018033004459022
46226,Tyler Conklin,IN,ZONE_COVERAGE,6,0.8333333333333334,8.0,100.0,0.0,4.614999135335282,2.4106518059230173,2.289756031774498,-0.12089577414851922,0.3333333333333333,13.287503236237361,1.6411733906867765,12.148555931343916,0.5006750042508517
42489,Stefon Diggs,CROSS,ZONE_COVERAGE,6,0.8333333333333334,10.833333333333334,151.3888888888889,0.0,7.953332901000951,3.7090414359070416,1.6512675855931023,-1.354001026970825,0.6666666666666666,9.799665231635467,-0.10018689906599369,27.056633573073988,0.5026210725584842
41246,Brandin Cooks,CROSS,MAN_COVERAGE,6,0.8333333333333334,8.0,139.58333333333331,0.0,5.681668122609463,2.5714463473126195,3.589471144149704,0.17287567873624776,0.5,6.936717818528952,0.14428467243650336,15.753583942635412,0.566191698131836
52425,CeeDee Lamb,CROSS,MAN_COVERAGE,6,0.8333333333333334,7.166666666666667,136.11111111111114,0.0,7.098332722981801,2.5685304724977303,2.1763689833154403,-0.3921614891822897,0.3333333333333333,9.680763874194634,-0.5184406467909133,11.934399864955623,0.8201288644851102
55934,Tank Dell,POST,ZONE_COVERAGE,6,0.6666666666666666,14.5,149.30555555555554,0.0,20.24833424886065,3.5345345859171418,1.9886927682607942,-1.5458418176563482,0.8333333333333334,38.07927515464565,-0.5631356462572947,59.10067926943091,0.38037757139555445
53453,Najee Harris,ANGLE,ZONE_COVERAGE,6,1.0,12.833333333333334,118.75,0.0,2.8116661707560344,8.470601381380353,5.579758113047555,-0.2564060844536423,0.8333333333333334,24.517175061132246,-0.7176661623860664,31.009414981776942,0.0720672991606153
55944,Josh Downs,CROSS,MAN_COVERAGE,6,0.5,4.5,62.5,0.0,8.534998575846416,2.2056327007537404,2.0781107558450898,-0.12752194490865051,0.16666666666666666,17.07627012625073,0.48264241920242085,23.864204890751044,0.6355582956985443
55959,Michael Wilson,CROSS,ZONE_COVERAGE,6,1.0,23.0,118.75,0.0,10.713333129882798,7.333452831874465,6.402385225600194,-0.6065046748080098,1.0,14.121746472968576,-0.23748666439853983,57.08567084293737,0.28548036635071133
47808,Marquise Brown,OUT,ZONE_COVERAGE,6,0.8333333333333334,9.666666666666666,106.94444444444444,0.0,9.184999465942383,3.18861436213785,2.3695707741620455,-0.8190435879758048,0.5,58.64869337165237,0.9783076936897993,58.86103104149121,0.7865221803635377
53478,Rondale Moore,FLAT,ZONE_COVERAGE,6,1.0,7.333333333333333,97.22222222222221,0.0,-2.1283327738444,10.098261595068983,6.15010843095959,-1.6229070730778778,1.0,17.10644513864071,-0.3584256368551528,43.046618702051695,0.2513298087606171
55920,Rashee Rice,POST,ZONE_COVERAGE,6,0.6666666666666666,12.666666666666666,149.30555555555554,0.0,13.144999821980766,3.828973489825305,4.657946970444968,0.828973480619663,0.5,24.2773011543911,0.4072924897187848,53.289232697728416,0.6434905710660898
48097,Jakobi Meyers,GO,ZONE_COVERAGE,6,0.3333333333333333,8.5,65.27777777777779,0.16666666666666666,17.054999033609953,2.334043385472245,2.8192184213003544,0.4851750358281097,0.3333333333333333,38.10143514781044,1.1349624370480822,39.213536668322654,0.817853845085938
52673,Mitchell Wilcox,FLAT,ZONE_COVERAGE,6,0.8333333333333334,3.3333333333333335,80.55555555555557,0.0,-0.2550010681152486,7.522662161333379,5.299485187543479,-1.8931958465536751,1.0,17.496510806425928,-0.47978307476683124,49.813982461188125,0.31769785376683773
52433,Brandon Aiyuk,GO,MAN_COVERAGE,6,0.6666666666666666,28.333333333333332,149.30555555555554,0.0,22.354999542236403,1.1370564184665408,1.0579786717996555,-0.07907774666688529,0.0,22.257916755531667,1.1150437463735823,27.869559758078704,0.7583933396589325
46206,Dalton Schultz,GO,ZONE_COVERAGE,6,0.5,12.0,133.33333333333331,0.0,20.17333267132447,3.6051177460934896,2.0207912577462936,-1.5843264883471964,0.5,22.6163255818206,0.7845536582369576,47.8672026032047,0.9301354105199074
55944,Josh Downs,CROSS,ZONE_COVERAGE,6,0.5,4.333333333333333,61.80555555555555,0.0,7.276666959126767,5.068424003130007,3.952714281576271,-0.8849134063770858,0.8333333333333334,7.011752383509399,-1.1311605900538655,29.272926821177045,0.5844362013389799
39989,Robert Woods,SLANT,ZONE_COVERAGE,6,0.6666666666666666,6.0,82.63888888888889,0.0,3.529998143514001,6.1034758251237236,2.034128190698013,-4.086438304902078,0.8333333333333334,26.588482263725265,0.00043550002610433697,10.293151117276196,0.3249191991759648
54572,Dameon Pierce,ANGLE,ZONE_COVERAGE,6,0.8333333333333334,6.833333333333333,95.13888888888889,0.0,1.2233333587646325,6.304494114201244,4.097022807293483,-0.7880305610518158,0.6666666666666666,33.54395497688035,0.5152066151610891,57.2403387129984,0.604839666506217
41233,Mike Evans,IN,ZONE_COVERAGE,6,0.8333333333333334,11.166666666666666,152.77777777777777,0.0,8.555000623067217,3.783859224974679,1.7333806678711483,-1.0402721905746248,0.6666666666666666,21.983110937754613,0.12281241800732756,42.561797192574346,0.8240977846470493
56075,DeMario Douglas,SLANT,ZONE_COVERAGE,6,0.5,5.333333333333333,65.97222222222221,0.0,6.386667251586918,1.6475965402010695,1.6635389241234204,0.015942383922351144,0.16666666666666666,15.210688300943152,0.5620877078134286,20.854039993650215,0.8103810865252367
53449,Kadarius Toney,CROSS,ZONE_COVERAGE,6,0.16666666666666666,2.1666666666666665,0.0,0.16666666666666666,7.2533327738444,5.80241282702844,4.338166890132424,-1.6047053530579103,0.6666666666666666,27.928753108457457,-0.4132037960215594,37.13629365588666,0.5203658560618872
46226,Tyler Conklin,CROSS,ZONE_COVERAGE,6,0.8333333333333334,8.166666666666666,100.69444444444444,0.0,3.218333085378015,4.592387070829163,3.2524818418540784,-0.5578956540698449,0.5,18.514577384372163,-0.3902600369960765,32.40405213355953,0.8379191667755868
47847,DK Metcalf,HITCH,MAN_COVERAGE,6,0.3333333333333333,1.5,42.36111111111111,0.0,5.811666806538899,1.6308639282635333,1.6189540085643677,-0.011909919699165725,0.16666666666666666,50.29065405117126,1.7064026727401995,52.18883267013757,0.31211489968396244
47803,Noah Fant,FLAT,ZONE_COVERAGE,6,0.8333333333333334,13.0,158.33333333333331,0.0,1.6683333714803155,7.706112333026507,3.935260966071355,-2.6904865281288757,1.0,21.35830047649394,-1.526127706036123,22.802896418660264,0.07697959334323376
52442,Michael Pittman,SLANT,MAN_COVERAGE,6,1.0,6.166666666666667,92.36111111111111,0.0,2.7450008392334024,2.0431105382417702,1.2718688828335258,-0.7712416554082443,0.16666666666666666,20.787022216084853,1.0800021977914374,29.500256931099383,0.8114554460217431
53456,Rashod Bateman,GO,ZONE_COVERAGE,6,0.0,0.0,39.58333333333333,0.0,34.346666971842446,1.4453938790338239,2.047706778717858,0.6023128996840338,0.0,19.6881972719526,0.8560951389282204,32.469277317547615,0.9687785520509179
46279,Braxton Berrios,HITCH,ZONE_COVERAGE,6,0.8333333333333334,11.166666666666666,113.19444444444444,0.0,6.551666895548518,4.451678370030956,2.9639073551329953,-1.4877710148979615,0.8333333333333334,69.13791780308513,-0.7061361306655898,68.59865704741605,0.5858360569473855
53579,Kenneth Gainwell,ANGLE,ZONE_COVERAGE,6,1.0,9.5,106.25,0.0,0.7566661834717004,9.182927288520451,6.050663393664735,-0.38185734636596336,0.8333333333333334,23.682072416910867,0.3960344259326443,22.64909936139112,0.35799814546580855
43324,Hunter Henry,IN,ZONE_COVERAGE,6,0.8333333333333334,9.0,104.16666666666667,0.0,9.17999839782715,2.916677802098261,2.066642443257661,-0.8500353588406,0.3333333333333333,29.609796836199592,-0.15727171460036837,28.391935335747515,0.7913882172023882
53549,Rhamondre Stevenson,OUT,ZONE_COVERAGE,6,0.5,2.1666666666666665,56.25,0.0,1.8449999491373685,5.179414453357668,3.4458773477431452,-1.7335371056145235,0.8333333333333334,32.24507369757679,0.5355149951665341,46.83212327727,0.7093608863696418
42489,Stefon Diggs,SLANT,MAN_COVERAGE,6,0.8333333333333334,6.166666666666667,92.36111111111111,0.0,4.531667073567717,1.7114510142966683,1.0177394723192992,-0.6937115419773693,0.16666666666666666,11.902940384491686,0.9289820174098958,21.159132449377037,0.752697064316794
54528,James Cook,FLAT,ZONE_COVERAGE,6,1.0,4.666666666666667,86.11111111111111,0.0,-2.8533328374226845,9.598592669440288,6.473824333148514,-1.1773299550712406,1.0,11.863057817714823,-0.16095733202213372,30.400899606736274,0.3669343059211569
54475,Garrett Wilson,GO,MAN_COVERAGE,6,0.6666666666666666,11.666666666666666,106.25,0.16666666666666666,12.710000197092699,1.4876659074780167,1.0596424073213315,-0.42802350015668506,0.0,15.363940262880766,0.36948783591530326,17.346976123150842,0.8036109365603838
56075,DeMario Douglas,SLANT,MAN_COVERAGE,6,0.5,5.333333333333333,65.97222222222221,0.0,6.504998524983733,2.4215665181722024,1.8864096090409699,-0.5351569091312326,0.5,20.419350553793652,1.2645939731595963,13.352798208036063,0.5641979286061476
44849,Zay Jones,CROSS,ZONE_COVERAGE,6,0.8333333333333334,11.333333333333334,113.8888888888889,0.0,12.451666514078767,4.455247285226116,3.929053773445773,0.3782235443681504,0.6666666666666666,11.26315842677785,-0.11230676944823396,11.632306589171355,0.7388511846070708
52430,Justin Jefferson,CROSS,MAN_COVERAGE,6,0.6666666666666666,10.666666666666666,102.08333333333333,0.16666666666666666,7.4250005880991425,1.874697251491033,2.950500299316215,1.0758030478251819,0.16666666666666666,24.182342295724922,0.7528114916609997,36.703898355790926,0.4958854080140937
55887,Jordan Addison,GO,ZONE_COVERAGE,6,0.5,17.5,135.41666666666669,0.0,35.10333347320555,2.1937967021766354,2.0388990320548914,-0.15489767012174416,0.16666666666666666,22.624230436216518,0.4066773805072404,33.29231714637831,0.843617939369422
53574,Luke Farrell,FLAT,ZONE_COVERAGE,6,1.0,15.833333333333334,118.75,0.0,1.094999313354501,5.263671381700873,5.704630124567916,0.4409587428670434,1.0,6.75960202441253,0.8696489946303085,20.888774411672205,0.5378378835012789
52442,Michael Pittman,GO,ZONE_COVERAGE,6,0.6666666666666666,16.333333333333332,109.72222222222221,0.0,20.286665598551412,3.08512624703223,3.5459085015888703,0.4607822545566407,0.3333333333333333,37.42041203887704,0.29327870116318255,34.705048533228585,0.8610348025201783
55936,Kendre Miller,FLAT,ZONE_COVERAGE,6,1.0,11.5,114.58333333333333,0.0,-1.1966660817464156,11.26232404277495,5.610346279349496,-3.2576277016475608,1.0,14.373184278738401,-0.15654878679958154,37.89162597044168,0.6755184235467784
44896,Chris Godwin Jr.,CROSS,MAN_COVERAGE,6,0.5,6.666666666666667,71.52777777777779,0.0,12.278333981831816,2.3277500370222106,2.140148687736507,0.46512767825596263,0.3333333333333333,37.117320082650124,0.6913817994775479,62.884210928518755,0.7805349750148078
47859,Terry McLaurin,CORNER,MAN_COVERAGE,6,0.16666666666666666,4.333333333333333,45.138888888888886,0.0,24.47500022252402,2.1177539941073142,1.895384736577072,-0.2223692575302426,0.3333333333333333,40.47794607854849,0.23216272573973828,31.629260022912973,0.9368512074665499
44947,Jamaal Williams,FLAT,ZONE_COVERAGE,6,1.0,2.0,79.16666666666666,0.0,-2.3283332188923995,7.768880110545514,2.6302530966687603,-3.5396564481929866,1.0,16.379295385453073,0.1983794835640825,15.72290566132555,0.9119822590696449
39973,DeAndre Hopkins,CROSS,MAN_COVERAGE,6,0.5,7.833333333333333,36.80555555555555,0.16666666666666666,15.819998741149982,1.9973008531041463,1.9084130903043057,-0.08888776279984041,0.16666666666666666,14.004519985131386,0.4721375937547239,18.923077854218565,0.8615104381920379
56024,Dontayvion Wicks,HITCH,ZONE_COVERAGE,6,0.8333333333333334,17.833333333333332,118.75,0.0,11.34999974568685,4.479816039408084,3.686554995626192,-0.7932610437818927,0.8333333333333334,33.91166449499527,0.6972194028010463,52.801028523465256,-0.30043959797985625
53707,Tim Jones,HITCH,ZONE_COVERAGE,6,0.6666666666666666,5.5,80.55555555555554,0.0,7.086667060852048,3.5254205714361,2.2917560690058294,-1.2336645024302704,0.3333333333333333,61.82794496178358,2.5094359230787386,68.69010587909048,0.27494354192234427
46109,Courtland Sutton,SLANT,MAN_COVERAGE,6,0.5,7.166666666666667,73.61111111111111,0.0,4.939999580383285,2.07734945939662,1.3087466531384193,-0.7686028062582008,0.16666666666666666,12.037502348280205,2.079572423339131,21.404464240479356,0.8890301189622137
41282,Davante Adams,IN,ZONE_COVERAGE,6,0.8333333333333334,12.166666666666666,117.3611111111111,0.0,13.053333918253585,4.3273376117500035,3.5350223703569985,-0.9326030957612571,0.8333333333333334,29.662295818841827,0.06971702260368762,58.31845298067522,0.17980811550334092
54587,Zamir White,FLAT,ZONE_COVERAGE,6,0.8333333333333334,4.666666666666667,86.11111111111111,0.0,-0.4483324686686328,10.222511480970029,7.455883009198951,-3.5820375860153923,1.0,11.917152517886507,-0.5457461346317398,40.80617853798068,0.6617146626159385
46109,Courtland Sutton,HITCH,ZONE_COVERAGE,6,0.5,3.5,58.333333333333336,0.0,5.418332417805981,4.497928285212829,3.3346261359958547,-1.1633021492169748,1.0,51.715050679773306,1.0865195466387907,73.41793515060273,0.004796567559743277
43454,Tyreek Hill,CROSS,MAN_COVERAGE,6,0.6666666666666666,8.0,90.97222222222221,0.0,14.228333314259848,2.2896548546331696,2.210629537015673,-0.0790253176174962,0.16666666666666666,24.119480217673594,0.24240830495008225,24.591815747734273,0.7828258123329318
42547,Darren Waller,SLANT,MAN_COVERAGE,6,0.6666666666666666,8.833333333333334,94.44444444444446,0.0,6.505001068115249,2.7207831771949156,2.365468544128339,-0.35531463306657624,0.5,17.242572295481747,1.479952507537094,23.598678338195466,0.8291839570163524
42347,Amari Cooper,GO,MAN_COVERAGE,6,0.6666666666666666,14.333333333333334,109.72222222222221,0.0,21.08833408355712,1.2513681071680258,0.6590472646610209,-0.5923208425070049,0.0,23.71545007278058,1.4056209847527243,32.47873775461593,0.9289889729058539
42347,Amari Cooper,SLANT,MAN_COVERAGE,6,0.8333333333333334,7.833333333333333,99.30555555555554,0.0,4.923333485921215,2.3488377969136867,1.637017011135229,-0.7118207857784578,0.16666666666666666,13.837306707614005,1.2604917802995619,30.778209775042257,0.7501519414216262
45186,Matt Breida,ANGLE,ZONE_COVERAGE,6,0.8333333333333334,4.666666666666667,86.11111111111111,0.0,1.73499870300295,7.262974369984249,3.6914554685331766,-2.7400078234395657,1.0,24.21652481478959,0.4562699160825157,21.181980183864095,0.7268337276893349
44820,Christian McCaffrey,OUT,ZONE_COVERAGE,6,0.5,3.1666666666666665,56.94444444444444,0.0,2.9599997202556003,2.750946122370596,2.3480965874403608,-0.40284953493023545,0.16666666666666666,34.059619206058066,1.5504072164298652,20.527978905227325,0.7908448766628281
54476,Chris Olave,CROSS,MAN_COVERAGE,6,0.6666666666666666,17.833333333333332,109.72222222222221,0.0,11.438333829243982,3.0235623580880375,3.0376788021462335,0.014116444058196268,0.5,15.814059414114197,0.2988401585503648,17.11006408091561,0.6351982844637202
54473,Drake London,SLANT,ZONE_COVERAGE,6,0.6666666666666666,7.0,86.80555555555554,0.0,6.171666463216165,2.6844275609756423,1.5151957371746216,-1.201411481066766,0.16666666666666666,18.000828551863737,0.33381278890795096,30.23589092361319,0.8056574991776102
46155,Mark Andrews,CROSS,MAN_COVERAGE,6,0.6666666666666666,7.0,126.38888888888889,0.0,6.993333220481886,2.6509808988100594,1.8852245465584876,-0.7657563522515712,0.3333333333333333,7.933421112808645,0.4988113565592546,19.489138427748443,0.9162549858789396
43344,Tyler Boyd,IN,ZONE_COVERAGE,6,0.8333333333333334,16.833333333333332,118.75,0.0,12.66499932607015,4.061500874920615,3.2103825963683987,-0.8511182785522168,0.8333333333333334,31.27821521745352,0.5464828273932986,47.122766036056866,0.5685840191615574
44881,Cooper Kupp,IN,MAN_COVERAGE,6,0.16666666666666666,0.6666666666666666,39.58333333333333,0.0,9.893332799275733,2.215872839438371,0.9890476129335157,-1.2268252265048551,0.3333333333333333,23.14900292341636,0.8024448573867717,30.348638848389555,0.8731367034526333
47920,Foster Moreau,FLAT,ZONE_COVERAGE,6,1.0,6.5,93.75,0.0,1.6083335876464993,8.48908654464802,6.270721452490316,-1.7167788455750408,1.0,8.092395916206579,-0.07877316991142831,32.70657489674937,0.23660114830210696
46130,D.J. Chark,IN,ZONE_COVERAGE,6,0.6666666666666666,10.333333333333334,100.69444444444444,0.0,11.915000915527331,4.717766705811461,2.5183720642482785,-2.2213744306077845,0.6666666666666666,24.964317384003703,1.3393112487171315,36.22804119242007,0.5519959434619283
55904,Jonathan Mingo,GO,MAN_COVERAGE,6,0.0,0.0,39.58333333333333,0.0,27.74166711171468,1.1429742448276137,1.1611254580984667,0.018151213270852746,0.0,34.33498477587534,1.5300245943822401,34.00454734961761,0.9676687359591026
43399,Tyler Higbee,HITCH,ZONE_COVERAGE,6,0.6666666666666666,7.333333333333333,88.19444444444443,0.0,5.5499989191690995,5.271133380991142,2.9718918910010053,-2.299241489990137,0.8333333333333334,27.212827552289884,-0.3627611172691933,38.10461163065342,0.9008433841779929
47847,DK Metcalf,GO,MAN_COVERAGE,6,0.6666666666666666,20.166666666666668,149.30555555555554,0.0,25.87999979654947,1.9438973506247317,1.1508040860105573,-0.7930932646141743,0.16666666666666666,13.804576637780153,1.1797326083516533,35.28358637171228,0.8958897436097901
52465,Van Jefferson,POST,ZONE_COVERAGE,6,0.16666666666666666,7.666666666666667,19.444444444444446,0.16666666666666666,37.629999160766594,3.744120803520642,2.1605072074281004,-1.5836135960925422,0.5,35.31312924296873,0.03065394419594547,50.44140308699854,0.9313294294816693
53486,Tutu Atwell,HITCH,ZONE_COVERAGE,6,0.8333333333333334,5.666666666666667,90.27777777777779,0.0,6.681665420532234,4.515774726495594,2.8443631557124043,-1.6714115707831894,1.0,29.911834427890312,0.6625012093540769,49.68600933506727,-0.18170841627156667
52465,Van Jefferson,HITCH,ZONE_COVERAGE,6,0.6666666666666666,7.166666666666667,87.5,0.0,5.358332951863616,4.982758369770504,3.113098268453255,-1.8696601013172482,1.0,17.638455728103235,-0.2000702674367131,58.97113266718091,0.33249506086466296
47859,Terry McLaurin,IN,ZONE_COVERAGE,6,0.3333333333333333,4.5,9.027777777777777,0.16666666666666666,11.435000101725265,3.832410237734726,3.8606861467373146,-0.20241254883762969,0.6666666666666666,19.89200509955317,0.9160750573898956,35.073746983227124,0.17271016856797167
46226,Tyler Conklin,GO,ZONE_COVERAGE,6,0.5,16.166666666666668,95.83333333333334,0.0,19.1266660690308,1.6400104412617633,2.4796385440659274,0.8396281028041642,0.0,16.86851371889058,0.25076948000509286,48.472269123764484,0.8416030291634918
40011,Travis Kelce,HITCH,MAN_COVERAGE,6,1.0,5.333333333333333,128.4722222222222,0.0,1.495000203450599,4.601668759181317,3.7379794974915868,-0.8636892616897303,0.8333333333333334,33.11301562425335,-0.39377822020517406,47.188758045977444,0.21477215657357274
54594,Jake Ferguson,GO,ZONE_COVERAGE,6,0.6666666666666666,16.833333333333332,149.30555555555554,0.0,19.76666641235352,2.53214820230085,2.432754163099869,-0.09939403920098148,0.3333333333333333,15.380699136527616,0.11632634950860243,24.493784323805944,0.8561832694447499
43336,Michael Thomas,OUT,ZONE_COVERAGE,6,0.6666666666666666,4.5,76.38888888888889,0.0,4.075000127156566,4.374377270857905,3.320036441721708,-1.0543408291361975,0.6666666666666666,29.19923054238919,0.7147820433952231,26.65934752228709,0.6221413394418457
52942,Juwan Johnson,OUT,ZONE_COVERAGE,6,0.6666666666666666,5.833333333333333,81.94444444444443,0.0,4.948333104451501,4.96684846602309,4.8721077158995145,-0.12350491575778788,0.8333333333333334,35.14233585054633,0.9368429227482583,56.74613472086013,0.6304284583047315
39973,DeAndre Hopkins,OUT,MAN_COVERAGE,6,0.16666666666666666,2.0,39.58333333333333,0.0,9.388332366943382,1.5700211191381752,1.3269464110645437,-0.24307470807363127,0.0,45.85629244550518,0.835556717342088,46.22927125461049,0.8314889550864203
47849,Diontae Johnson,POST,ZONE_COVERAGE,6,0.3333333333333333,16.166666666666668,121.52777777777777,0.0,26.831666628519645,2.5654302753600633,3.4577930638303496,0.8923627884702864,0.5,26.388740577106756,1.0667594342687883,42.42406858427018,0.8906327974454111
44860,Joe Mixon,FLAT,MAN_COVERAGE,6,0.6666666666666666,3.3333333333333335,111.1111111111111,0.0,-1.8849995930990986,6.002162562877646,3.9013774575082727,-2.100785105369372,1.0,14.5410778035863,-0.4439471577965565,11.033919703119674,0.8139409237128511
44835,Evan Engram,HITCH,MAN_COVERAGE,6,1.0,5.333333333333333,88.88888888888889,0.0,2.311665852864568,3.2348184660407138,2.3345543582276616,-0.9002641078130525,0.5,59.36816583597766,0.5417124512494021,34.709253441485046,0.22299364820798726
55872,Bijan Robinson,FLAT,MAN_COVERAGE,6,0.6666666666666666,5.333333333333333,79.8611111111111,0.0,-0.11500008900958214,6.070960343334402,4.304536494545405,-0.9641586280495286,1.0,8.237622654416683,-0.18449723707159205,33.31175183983144,0.5456990742798041
46992,KhaDarel Hodge,HITCH,ZONE_COVERAGE,6,1.0,9.666666666666666,106.94444444444444,0.0,7.631666183471684,3.582143811485153,2.5003915477677094,-1.081752263717444,0.6666666666666666,42.95072040999445,0.35727947740232086,59.4606866200563,0.21693997642098165
46095,Calvin Ridley,OUT,MAN_COVERAGE,6,0.8333333333333334,9.0,104.16666666666667,0.0,9.49166742960605,2.5652137155350765,2.7619461365361264,0.19673242100104993,0.3333333333333333,42.86041808180923,0.2753212499568045,62.92989190171454,0.6749631927228147
55889,Dalton Kincaid,OUT,ZONE_COVERAGE,6,1.0,6.666666666666667,94.44444444444446,0.0,1.706667582194018,4.190291286281852,2.673527884099767,-0.8925207328163053,0.6666666666666666,27.772262651328745,1.8966094431022367,13.357216191052776,0.7353928391397037
46277,Cedrick Wilson Jr.,OUT,ZONE_COVERAGE,6,0.3333333333333333,3.6666666666666665,45.138888888888886,0.0,9.29000027974445,4.048439208633545,3.186896248453517,-0.861542960180029,0.6666666666666666,58.16140171022338,1.7477232778685339,62.396229581740464,0.7226603439377394
53646,Khalil Herbert,FLAT,ZONE_COVERAGE,6,1.0,3.1666666666666665,79.8611111111111,0.0,-1.686666488647468,8.467664372738268,3.461065265746003,-3.370131301523253,1.0,15.241420081788746,-0.386709950817008,21.354540793951305,0.783659536927372
46093,DJ Moore,SLANT,ZONE_COVERAGE,6,0.8333333333333334,8.833333333333334,143.05555555555557,0.0,6.890000025431333,1.885195147032424,2.032012176497871,0.14681702946544725,0.0,11.146112991558558,0.6073087732603382,27.72225280644183,0.8495281539692909
55915,Jayden Reed,HITCH,ZONE_COVERAGE,6,0.8333333333333334,5.166666666666667,88.19444444444446,0.0,5.5083325703939,3.4533496194748317,2.8436658524584253,-0.6096837670164069,0.6666666666666666,33.62930513439869,1.2177639456441818,53.88984799061089,0.24679641271353506
53439,DeVonta Smith,HITCH,MAN_COVERAGE,6,0.8333333333333334,10.166666666666666,109.02777777777777,0.0,8.533333460489901,3.6748433761869603,2.0194163755999948,-1.6554270005869653,0.6666666666666666,90.32326743565987,3.7031703027677687,68.82005680453993,0.8044386146171107
45185,Kendrick Bourne,IN,ZONE_COVERAGE,6,0.6666666666666666,7.5,88.88888888888889,0.0,11.92666562398277,3.365253017354821,2.1980107929531014,-1.16724222440172,0.5,29.862697339880125,1.7606861886556657,50.019693201188836,0.8071537149780411
56075,DeMario Douglas,OUT,ZONE_COVERAGE,6,0.6666666666666666,8.333333333333334,92.36111111111111,0.0,5.424999872843418,2.717605150993396,2.937007384832196,0.21940223383879967,0.3333333333333333,28.235705298512347,1.8833109545499784,25.26911615227364,0.7268339813004077
39973,DeAndre Hopkins,GO,MAN_COVERAGE,6,0.5,16.333333333333332,135.41666666666669,0.0,23.30333455403645,2.204167417955862,1.926838164976614,-0.27732925297924776,0.16666666666666666,15.181019137433433,1.158607541829449,25.107237341150853,0.8808080445578418
55133,Rashid Shaheed,OUT,ZONE_COVERAGE,6,0.5,7.0,72.91666666666666,0.0,5.609999974568684,2.992212952406078,2.0328736458307444,-0.9593393065753331,0.5,36.9942716274688,1.6451427209729321,27.435776208919677,0.7258260824745668
48097,Jakobi Meyers,SLANT,MAN_COVERAGE,6,0.6666666666666666,9.166666666666666,135.41666666666669,0.0,5.161667505900084,3.8153630461431747,2.705953126505124,-1.1094099196380511,0.6666666666666666,8.808917427902012,1.427257499312689,25.08397705860911,0.7995051660459461
47836,Miles Sanders,OUT,ZONE_COVERAGE,6,0.6666666666666666,6.166666666666667,83.33333333333334,0.0,1.3749993642171319,5.217275810861014,4.514077351178277,0.6075891376920418,0.8333333333333334,22.176442786937617,2.135069083708668,38.12385941208864,0.43928426354766936
52430,Justin Jefferson,CROSS,ZONE_COVERAGE,6,0.6666666666666666,7.0,86.80555555555554,0.0,3.386666615804035,4.964177803912369,2.6933272907432366,-1.5152696475817318,0.8333333333333334,9.942249408032751,-0.34103872484982833,12.73961353884402,0.854901326863496
55907,Luke Musgrave,CROSS,ZONE_COVERAGE,6,0.6666666666666666,8.333333333333334,92.36111111111111,0.0,5.721666336059567,5.188473164826111,3.4275226153741114,-0.47390291265180906,0.5,15.710949410784622,-0.7863446707279552,23.56610545967461,0.7400604451578032
53433,Kyle Pitts,GO,ZONE_COVERAGE,6,0.5,12.0,133.33333333333331,0.0,17.620000203450484,2.577297967141843,3.134514306995131,0.5572163398532886,0.5,25.509528723383013,0.20382663049546323,41.3807182211141,0.7870233865528343
54473,Drake London,POST,ZONE_COVERAGE,6,1.0,23.0,118.75,0.0,19.01666752497355,4.348903499698031,2.467006868639737,-1.8818966310582936,0.6666666666666666,20.50022542257742,-0.053406092850947516,35.35797464809469,0.5682210004815719
55915,Jayden Reed,FLAT,ZONE_COVERAGE,6,1.0,4.833333333333333,126.38888888888889,0.0,0.3050004641215012,8.334564708482905,5.408625142970335,-1.6001146302810696,1.0,22.318154469851887,-0.3392849833520047,31.024235966932743,0.732088494134835
41282,Davante Adams,GO,ZONE_COVERAGE,6,0.0,0.0,0.0,0.16666666666666666,19.551666895548568,1.7988852283652672,1.0741084903852791,-0.724776737979988,0.0,19.901415211866393,1.1327607138755695,16.682909068678608,0.914197312476658
54556,Rachaad White,OUT,ZONE_COVERAGE,6,1.0,10.166666666666666,109.02777777777777,0.0,0.5333331425984676,5.672232138749291,3.024780418010143,-1.1968264590794953,0.8333333333333334,11.147636212186214,-0.19115811058693932,6.819128375388772,0.7720599634595918
52520,Joshua Kelley,FLAT,ZONE_COVERAGE,6,0.6666666666666666,2.3333333333333335,70.13888888888889,0.0,-2.206666310628199,10.143915540475895,5.736399593269774,-3.760007624591853,1.0,13.601400778677458,-0.8100931729364712,10.492792491467393,0.7650359187427472
44959,George Kittle,OUT,MAN_COVERAGE,6,1.0,10.833333333333334,111.80555555555556,0.0,2.888332684834802,3.7805355745512004,3.294090724762006,-0.48644484978919394,0.6666666666666666,31.641036252929947,0.29890952246065794,35.34258336016565,0.6300164054626536
47833,Irv Smith,FLAT,ZONE_COVERAGE,6,0.8333333333333334,6.5,93.75,0.0,1.6016664505005014,7.3596727952129095,3.1001131499202166,-1.0343994258484923,1.0,16.548288321764364,-0.33825705788439464,38.10043571595531,0.23034136608800468
44860,Joe Mixon,ANGLE,ZONE_COVERAGE,6,0.6666666666666666,2.5,70.13888888888889,0.0,1.2650009791056338,6.665845936714213,5.428314486817147,-1.261568353268596,1.0,50.69777599297731,1.6027010124538117,26.42661904335654,0.40748395721977887
44849,Zay Jones,GO,ZONE_COVERAGE,6,0.16666666666666666,3.0,79.16666666666666,0.0,35.77166779836018,2.612728079439195,1.0271008866983078,-1.5856271927408871,0.5,28.655382475912333,0.6679198814808972,37.7869351220055,0.9499975938713972
52442,Michael Pittman,SLANT,ZONE_COVERAGE,6,0.8333333333333334,9.333333333333334,105.55555555555556,0.0,6.271665891011586,4.433180710043426,3.2852976043866176,-1.1478831056568084,0.8333333333333334,13.786616119913708,-1.2798695776705353,28.26810889474427,0.28091671979122745
53433,Kyle Pitts,POST,ZONE_COVERAGE,6,0.5,8.0,77.08333333333334,0.0,19.73333295186358,3.1863262937903793,2.1063015586151406,-1.0800247351752388,0.5,36.939014426234245,0.0019172755627906806,37.27700121046159,0.16223089280733227
55872,Bijan Robinson,ANGLE,ZONE_COVERAGE,6,0.5,3.3333333333333335,18.055555555555557,0.16666666666666666,3.1050000190735005,8.102597780977632,2.4233149990304774,-4.430847824735402,1.0,12.851820186846837,-2.0956613285272714,23.223704428750928,0.6435522454963252
44912,Jonnu Smith,CROSS,ZONE_COVERAGE,6,0.8333333333333334,12.0,116.66666666666667,0.0,9.003333409627283,4.928269063334548,3.548633658128152,-1.4319386758601649,0.8333333333333334,26.8582726374664,-0.3088584555620635,30.427580155352633,0.8312710929723938
55872,Bijan Robinson,OUT,ZONE_COVERAGE,6,0.6666666666666666,6.166666666666667,83.33333333333334,0.0,3.2983327706654784,5.526286191749875,3.597373540935548,-2.2732105235360534,0.8333333333333334,15.542365154213195,-0.6664441321503349,45.894434717577035,0.6417210330788894
44852,Curtis Samuel,FLAT,MAN_COVERAGE,6,1.0,1.5,79.16666666666666,0.0,-0.6733328501383488,5.124194708562801,2.104604857002291,-1.7863570495058365,0.6666666666666666,12.339133789154559,0.2940201593431131,13.569585007666598,0.5152471691692213
39983,Zach Ertz,OUT,ZONE_COVERAGE,6,1.0,8.0,100.0,0.0,5.926666895548451,3.79246202368816,3.644940634507235,-0.1475213891809247,0.6666666666666666,37.76378077012057,-0.3108272945119132,43.67233166390312,0.7397186561369448
43344,Tyler Boyd,OUT,MAN_COVERAGE,6,0.8333333333333334,11.0,112.5,0.0,9.6716667811076,2.6880884944769394,2.6627881696508227,-0.025300324826115883,0.16666666666666666,34.8291817751198,1.4701497803890915,41.369302158249745,0.8435485015652003
46192,Durham Smythe,FLAT,ZONE_COVERAGE,6,0.8333333333333334,6.666666666666667,94.44444444444446,0.0,0.27499961853028526,9.187977254562178,5.179215472793439,-1.3834088798543092,1.0,16.421647532706558,0.22823513367225376,48.995754827482926,-0.18468683617383458
53435,Jaylen Waddle,CROSS,ZONE_COVERAGE,6,0.8333333333333334,6.666666666666667,94.44444444444446,0.16666666666666666,5.945000330607081,4.257924334906391,3.6283955301846347,-0.6295288047217552,0.8333333333333334,14.769435408490244,-0.8628653572276974,56.576847828690255,0.5128908900169709
55887,Jordan Addison,CROSS,ZONE_COVERAGE,6,1.0,17.333333333333332,158.33333333333331,0.0,9.781666437784851,5.492963619596665,4.4176499988716005,-1.4148128594945146,0.8333333333333334,10.774761645611349,-0.748034999568775,34.975827897712044,0.6837856567410903
46705,Allen Lazard,OUT,ZONE_COVERAGE,6,0.5,4.666666666666667,63.19444444444445,0.0,9.071666717529299,3.018797739254451,1.682270002194543,-1.3365277370599085,0.5,56.902495866378096,0.8665262772424924,64.23165943363641,0.41006855661640057
54475,Garrett Wilson,POST,ZONE_COVERAGE,6,0.6666666666666666,20.166666666666668,109.72222222222221,0.0,25.976667404174737,3.469470976697751,4.354406528768913,0.8849355520711625,0.5,34.34505472389379,0.006302322412449731,41.50712998793984,0.6218177148549457
42412,Tyler Lockett,HITCH,MAN_COVERAGE,6,0.6666666666666666,10.666666666666666,102.08333333333333,0.0,7.4650003115336,2.575600919627193,1.3063976132425275,-1.269203306384666,0.3333333333333333,62.61582769498909,2.5661008857779066,74.6698276869793,0.5263562654904331
40488,Adam Thielen,POST,ZONE_COVERAGE,6,0.8333333333333334,18.166666666666668,118.75,0.0,17.646667480468732,3.7140839367887684,3.9040787959976044,0.18999485920883585,0.6666666666666666,30.850513381000535,0.2418390404800587,59.1218768864216,0.7186050045551985
46130,D.J. Chark,POST,ZONE_COVERAGE,6,0.3333333333333333,6.166666666666667,55.55555555555556,0.0,23.8333339691162,3.198898533431652,2.2173334347057185,-0.9815650987259333,0.3333333333333333,30.791754813884072,-0.16900333000410703,35.45653671705836,0.710894332380345
52581,Darnell Mooney,CROSS,ZONE_COVERAGE,6,0.8333333333333334,22.0,118.75,0.0,7.211666742960618,4.3221472545430055,2.802865946319604,-0.6439367983713292,0.8333333333333334,13.077147042432705,-0.3218699040111031,28.566083826605976,0.9142244413783824
42347,Amari Cooper,POST,ZONE_COVERAGE,6,0.6666666666666666,22.333333333333332,109.72222222222221,0.0,27.016666730244964,2.621350053388618,2.026262255014317,-0.5950877983743018,0.3333333333333333,35.53961494592536,0.16463158683582968,37.290368989918335,0.5669306549762019
53591,Noah Gray,CROSS,ZONE_COVERAGE,6,0.5,1.5,56.25,0.0,6.098332663377118,3.400174951724491,2.1547357891040617,-1.315941389963032,0.5,9.951604160186704,-0.05840060568472705,10.21664492355994,0.8560591344143129
46213,Justin Watson,CORNER,ZONE_COVERAGE,6,0.5,10.666666666666666,88.19444444444443,0.0,21.79833285013832,3.4213017794291205,2.9334148822063697,-0.4878868972227515,0.6666666666666666,37.863550466951246,0.42642986019415624,42.404291676410075,0.8347363878869346
52441,Tee Higgins,GO,MAN_COVERAGE,6,0.0,0.0,39.58333333333333,0.0,18.068333625793418,1.095082005958903,0.7597002261981026,-0.3353817797608006,0.0,20.212880793198504,0.4535045841128289,24.01877026487269,0.8167008760151746
55934,Tank Dell,GO,ZONE_COVERAGE,6,0.3333333333333333,12.5,121.52777777777777,0.0,30.868331909179673,1.5721890345807552,1.524537957112963,-0.04765107746779185,0.0,35.53661490337511,1.4037872595544487,48.36514096663968,0.8944302164411075
46093,DJ Moore,CROSS,MAN_COVERAGE,6,0.8333333333333334,17.333333333333332,118.75,0.0,6.5949999491373665,3.491905668020467,3.6310762809574597,0.3950474260287526,0.5,8.033980601098358,0.5136912449792899,9.740921136756135,0.9746868904640784
53541,Amon-Ra St. Brown,CROSS,MAN_COVERAGE,6,0.8333333333333334,7.0,135.41666666666669,0.0,2.2966664632161007,3.2937565151394836,2.564973471966615,-0.7287830431728688,0.5,7.112526654774086,-0.1630203893216248,11.33382649253302,0.7564915128283322
54885,Justyn Ross,HITCH,ZONE_COVERAGE,6,0.6666666666666666,4.333333333333333,75.69444444444443,0.0,4.4716657002767,5.600971374408618,3.436565868013929,-2.1644055063946888,1.0,42.670130867232764,-0.3674583179527007,57.32561193755969,0.18600602996547386
55920,Rashee Rice,CROSS,MAN_COVERAGE,6,0.6666666666666666,8.666666666666666,54.166666666666664,0.16666666666666666,7.584999720255552,2.6069217134352773,1.929020030670055,-0.7604329748761212,0.3333333333333333,14.750796951440515,0.18704042853027816,16.341549325426364,0.924591433642402
52429,Jalen Reagor,GO,ZONE_COVERAGE,6,0.5,15.833333333333334,56.25,0.3333333333333333,22.321667353312183,2.20171089091114,1.5003747649268686,-0.7013361259842709,0.16666666666666666,15.352803223838848,0.8506022718840155,55.73811168065456,0.7475914657987263
54473,Drake London,HITCH,MAN_COVERAGE,6,0.5,3.5,58.333333333333336,0.0,4.438332875569667,2.9210033038076393,2.119178410820811,-0.8018248929868284,0.6666666666666666,53.57793614574336,0.6512581259863578,51.7260623451497,0.0816473761709846
43415,Demarcus Robinson,HITCH,ZONE_COVERAGE,6,1.0,10.833333333333334,111.80555555555556,0.0,5.6050001780192,5.143487006115958,3.4741667160981073,-1.6693202900178499,1.0,43.2644046473875,1.410481875462733,36.080025441238256,0.36986153612980727
44931,Mack Hollins,HITCH,ZONE_COVERAGE,5,0.8,10.0,108.33333333333333,0.0,9.696000671386718,4.056434143047266,3.256651301358864,-0.7997828416884014,0.4,44.5345631428986,1.1508615122640642,63.83228389862435,0.4223019341686241
44881,Cooper Kupp,CROSS,MAN_COVERAGE,5,0.8,6.2,92.5,0.0,0.6260009765625213,5.6704040757581975,2.7857537542914588,0.4470302930615183,0.8,7.628791291712275,-0.181383209779073,8.900584864962923,0.8212563481853261
55934,Tank Dell,IN,ZONE_COVERAGE,5,0.4,4.6,94.16666666666667,0.0,12.83799972534186,3.7319337221849467,2.3868311830696465,-1.3451025391153002,0.8,36.33145171485865,1.0711770012230204,29.315523515087154,0.8183415290311371
54571,Cade Otton,FLAT,ZONE_COVERAGE,5,0.8,8.6,102.50000000000001,0.0,0.6320003509521193,9.35539116661883,5.37670563500936,-0.9821750278992036,1.0,7.669813599353887,-0.046578089600643933,43.87495266727656,0.5701967855097558
53518,Nico Collins,POST,MAN_COVERAGE,5,0.6,15.0,104.16666666666667,0.0,13.594000101089483,1.3371434750692304,2.5688318611335594,1.2316883860643288,0.0,19.71598167602922,1.6912607181679769,30.915353559573976,0.9427944213626702
52425,CeeDee Lamb,CORNER,MAN_COVERAGE,5,0.6,9.8,132.5,0.0,15.803999853134126,1.2423099766568488,1.6140944876475607,0.37178451099071197,0.0,22.061680678045015,1.7239319551099417,28.06349329763849,0.9622374490716782
55889,Dalton Kincaid,IN,MAN_COVERAGE,5,0.4,1.2,47.91666666666667,0.0,4.908000946044917,2.7283603970161154,1.4787466513983984,-1.2496137456177168,0.4,20.951026265849002,1.232636201429761,34.65015883112774,0.483165264858237
46797,Tanner Hudson,GO,ZONE_COVERAGE,5,0.8,12.2,117.5,0.0,11.104000091552761,3.1994717935079513,2.06512576330245,-1.1343460302055015,0.4,46.51774899330755,-0.05085282828442335,64.14436602835815,0.406340256560628
41238,Odell Beckham,OUT,ZONE_COVERAGE,5,0.8,6.6,133.75,0.0,8.258000183105421,3.674648224237484,2.4200656226381305,-1.254582601599354,0.6,45.24885950405466,0.49114504168645007,46.797108447215095,0.7830671076356246
45052,Noah Brown,CROSS,MAN_COVERAGE,5,0.6,19.8,104.16666666666667,0.0,12.842001152038568,4.498539107730568,2.7007893024212555,-0.008494356100964329,0.4,33.24683084541154,-0.20676967926385573,42.76489483485167,0.8698281653788877
43344,Tyler Boyd,SLANT,MAN_COVERAGE,5,0.8,6.2,132.08333333333334,0.0,4.014000320434497,2.4377328458811096,2.364179805689048,-0.07355304019206192,0.4,14.66836403626363,1.4767318119149324,12.412275204854842,0.08602445958580902
52595,Donovan Peoples-Jones,IN,ZONE_COVERAGE,5,0.4,5.8,20.000000000000004,0.2,12.552000141143807,3.5484402477122314,3.2311439317376376,-0.31729631597459373,0.8,22.223790297604076,-0.10948465287335551,42.741344713558256,0.46644764923657905
47853,Darrell Henderson,FLAT,ZONE_COVERAGE,5,0.8,5.8,90.83333333333333,0.0,-1.1259994506835795,11.691272626614822,7.445534665526375,-2.901112462124438,1.0,15.87700341313157,-0.6432910839299785,38.43308400309157,0.7321909338008273
46109,Courtland Sutton,GO,MAN_COVERAGE,5,0.6,14.8,143.75,0.0,21.59399948120118,1.6180441310304219,1.6618681023603945,0.04382397132997249,0.0,14.412302997946426,0.8199205255981209,23.396477975761997,0.9816105402867621
54604,Isaiah Likely,FLAT,ZONE_COVERAGE,5,1.0,7.4,97.5,0.0,-1.7380001068115405,6.628801545270616,7.905573532534084,1.3711231980977718,1.0,6.639071221234923,-0.4110428060955368,57.14370264052102,0.34201427512462595
55886,Zay Flowers,CROSS,MAN_COVERAGE,5,0.6,6.4,39.166666666666664,0.2,3.50599937438964,3.3354461754667524,2.251120903229308,-0.707871774472409,0.6,17.523153159409354,-1.7129832852845588,18.74798132336757,0.7939669146639249
53456,Rashod Bateman,IN,ZONE_COVERAGE,5,1.0,13.6,118.75,0.0,10.205999374389682,3.411766460047398,4.607165036946934,1.1953985768995365,0.8,45.622118247368604,-0.16551377179254026,35.549356657193385,0.2900839057992983
53518,Nico Collins,SLANT,MAN_COVERAGE,5,0.6,4.0,108.33333333333333,0.0,12.981999683380128,1.3908883438752957,1.4209943448417488,0.030106000966453262,0.0,37.66881484046837,0.5835001149049687,34.97145857055881,0.8377535565987781
45094,Johnny Mundt,FLAT,ZONE_COVERAGE,5,0.6,3.4,66.25,0.0,-1.9199996948241995,8.413640764508063,6.3000609922113355,0.1439292833536366,0.8,14.058894739862717,0.3397042806323318,29.90337805827818,0.38543998307225674
54499,Christian Watson,GO,MAN_COVERAGE,5,0.2,3.2,80.0,0.0,28.78199968338012,2.2263702215260657,2.046609482504272,-0.17976073902179338,0.2,26.42866841728341,1.4462926029588128,32.02893067828828,0.8821988794768287
52442,Michael Pittman,OUT,MAN_COVERAGE,5,1.0,11.0,112.5,0.0,5.24800033569336,3.7518310676329825,4.970086397957905,1.2182553303249226,0.6,25.352421003360472,0.49349681295678494,40.19651124993072,0.5602672994263953
55944,Josh Downs,IN,ZONE_COVERAGE,5,0.6,5.4,74.58333333333333,0.0,6.958000946044943,3.6803297275272087,3.1238568279591945,-0.5564728995680139,0.8,28.73089080953534,0.13799628676962944,39.470551122581114,0.3797524374138319
56075,DeMario Douglas,HITCH,ZONE_COVERAGE,5,0.6,6.0,77.08333333333334,0.0,10.60399932861328,4.196890136315094,3.1576858985862986,-1.039204237728795,0.6,69.69206679043923,1.3916317882007665,54.55395246651979,0.36017131230488053
46095,Calvin Ridley,POST,ZONE_COVERAGE,5,0.2,5.2,9.166666666666668,0.2,23.794000244140623,2.5852807863870155,2.4851593432637005,-0.10012144312331514,0.2,32.480504559988255,0.3736523573936189,37.46973895772976,0.8764804113446913
52659,Stephen Sullivan,OUT,ZONE_COVERAGE,5,0.8,9.0,104.16666666666667,0.0,9.880001068115218,3.4957526350573067,2.795896071846136,-0.699856563211171,0.6,52.11858003419943,0.9318663403041075,66.33276392727105,0.4236105535925626
55934,Tank Dell,OUT,MAN_COVERAGE,5,0.4,3.0,8.333333333333337,0.2,9.095999908447261,2.115444066029628,1.6343444039436665,-0.48109966208596144,0.2,34.1398613794323,0.8579927599139847,33.862461125626865,0.8856166043161074
52425,CeeDee Lamb,POST,MAN_COVERAGE,5,0.6,25.0,143.75,0.0,21.71199965476986,1.4335085856526981,1.516649453098464,0.08314086744576592,0.0,26.979627468040416,-0.24876765038799,38.98500196759426,0.803993452728767
41246,Brandin Cooks,GO,MAN_COVERAGE,5,0.6,16.0,143.75,0.0,18.985999870300265,1.7065950159378747,1.1912432494687615,-0.5153517664691132,0.2,17.30957675050642,2.5164246029187973,17.30082795650133,0.9841716253198547
55887,Jordan Addison,IN,MAN_COVERAGE,5,0.6,5.2,34.166666666666664,0.4,12.380000305175777,2.217547717372606,1.6433792484862182,-0.5741684688863881,0.4,35.22828621619424,1.2468777962023272,43.27751631962925,0.8445887470494433
46095,Calvin Ridley,SLANT,MAN_COVERAGE,5,0.8,8.0,139.58333333333331,0.0,7.009999227523818,1.665209946186194,2.0939793989827518,0.4287694527965577,0.0,15.598936785747634,0.9364303149620365,21.987366532999083,0.5314706220754835
44835,Evan Engram,IN,ZONE_COVERAGE,5,0.8,5.8,90.83333333333333,0.0,3.9380004882812387,2.4727575032138116,2.0084631042744263,-0.4642943989393856,0.2,26.43898471826818,1.174364125615084,22.263612586610368,0.41859222895219245
44978,Jamal Agnew,HITCH,ZONE_COVERAGE,5,1.0,8.6,102.50000000000001,0.0,6.312001037597637,4.601728659634068,2.6912197074978987,-1.9105089521361691,0.6,61.22545510935494,0.2593629787182487,51.9661736376526,0.07505325879115189
53591,Noah Gray,FLAT,ZONE_COVERAGE,5,1.0,8.0,100.0,0.0,-1.1079994201660193,11.176563835108368,6.606008504976458,-2.1032190472009265,1.0,19.92700274983258,-0.5125772873875325,46.15027983907555,0.3695638676614048
44881,Cooper Kupp,FLAT,ZONE_COVERAGE,5,0.6,3.0,64.58333333333334,0.0,1.9440002441406192,6.630784997059882,3.9628579816830203,-2.6679270153768613,1.0,8.915359895187924,-0.474699522753064,26.589802329616,0.8637065029674809
52442,Michael Pittman,GO,MAN_COVERAGE,5,0.0,0.0,0.0,0.2,20.72199897766124,1.1099249982732775,1.1584329616832971,0.048507963410019436,0.0,33.41527747919908,0.8814346773140255,43.75908075680104,0.8845632974541384
47808,Marquise Brown,GO,MAN_COVERAGE,5,0.4,9.6,115.00000000000001,0.0,26.8499992370605,1.2180989476911575,1.5419313149897385,0.323832367298581,0.0,15.340916737628225,1.005676759738328,10.750545378621052,0.9231265715299625
54519,Skyy Moore,OUT,ZONE_COVERAGE,5,1.0,9.4,105.83333333333333,0.0,5.349998474121078,4.2270087585860185,4.547792397317383,0.21023025533827697,0.6,33.68101772392116,1.6550398022791328,75.80208681823666,0.4394788600660283
48097,Jakobi Meyers,IN,ZONE_COVERAGE,5,1.0,16.4,118.75,0.0,15.37799911499024,4.528511304988153,2.8137209893591537,-1.7147903156289992,0.6,17.934677303466383,1.188511783360018,67.80706289487786,0.44637512198983015
41282,Davante Adams,SCREEN,ZONE_COVERAGE,5,1.0,5.8,90.83333333333333,0.0,-2.934000015258723,11.052797976636885,6.565727106954562,-2.212684769165134,1.0,8.551892238139482,0.039293846467618444,19.954891771640963,0.6085106072339802
53488,Terrace Marshall Jr.,OUT,ZONE_COVERAGE,5,0.8,6.0,91.66666666666666,0.0,5.4259994506836,3.3884676530284468,2.718270631860194,-0.6701970211682526,0.8,48.553897625181335,0.23287336420165303,42.55007383911267,0.7805010056216574
54520,Trey McBride,FLAT,MAN_COVERAGE,5,1.0,4.6,85.83333333333334,0.0,1.6319999694824205,4.469218517020506,1.9179782164900403,-1.7494566045644708,0.8,5.470535238417051,0.10804458769134265,24.827585144426045,0.6308581797086119
41246,Brandin Cooks,GO,ZONE_COVERAGE,5,0.2,4.4,5.833333333333335,0.2,24.231999373435958,2.777876642288766,2.1546592928821617,-0.6232173494066048,0.4,17.86783454338188,1.3659700808543245,30.521491240211134,0.5454547869335404
54509,John Metchie III,CROSS,MAN_COVERAGE,5,0.6,6.8,80.41666666666667,0.0,7.3799995422362965,3.094220770859368,3.539598150733352,-0.24269128494859377,0.4,7.952835071408248,0.2850228239149423,8.595711938088634,0.9016302366208213
53518,Nico Collins,OUT,MAN_COVERAGE,5,0.8,5.8,130.41666666666666,0.0,8.320001697540267,2.3281255639281495,2.873225439375595,0.5450998754474453,0.0,44.542160884463904,1.0200332686985991,46.77418159629979,0.8147320594189917
55958,Darnell Washington,FLAT,ZONE_COVERAGE,5,1.0,8.6,102.50000000000001,0.0,-0.5540012359619183,6.417836972199763,4.491952199469788,-1.1770466206829633,0.8,14.389527340825094,0.8087637905115749,22.80813173002581,0.7519254552724672
40488,Adam Thielen,CROSS,ZONE_COVERAGE,5,0.8,15.2,118.75,0.0,12.079999542236319,2.832286336976613,2.644939584219857,-0.18734675275675636,0.4,12.489116982515458,-0.4737333526262081,15.329853152017495,0.8930383996009266
40488,Adam Thielen,POST,MAN_COVERAGE,5,0.8,14.0,158.33333333333331,0.0,11.009999847412079,1.7787579764988397,2.2225126227884404,0.44375464628960054,0.2,28.194242668035503,1.9921478238840522,44.842707909548054,0.7657228598433938
46109,Courtland Sutton,SLANT,ZONE_COVERAGE,5,0.6,5.6,75.41666666666667,0.0,3.923999023437523,1.5552089856240687,0.8391336212878769,-0.7160753643361917,0.2,12.88615060412788,2.0156767526955064,19.976652327230614,0.8469954890030793
46155,Mark Andrews,OUT,ZONE_COVERAGE,5,1.0,18.0,118.75,0.0,6.65599975585936,4.336698435096672,3.352223614300975,-0.9844748207956966,1.0,47.30438972792258,0.2671053681001344,37.00885332268819,0.8975402184463167
47879,Dawson Knox,POST,ZONE_COVERAGE,5,0.2,2.4,0.0,0.2,13.513999652862529,2.5136157979223768,3.0236605125806144,0.5100447146582378,0.4,11.386850062154531,1.6771731812483466,32.344817310159556,0.8602946278683664
47803,Noah Fant,CROSS,ZONE_COVERAGE,5,1.0,13.0,118.75,0.0,8.239999771118159,5.046423358640921,3.8116589923414854,-0.9802299584891364,0.8,14.182043216418322,0.3379539928991817,33.56224149507091,0.36012026859652024
55949,De'Von Achane,FLAT,ZONE_COVERAGE,5,0.8,9.0,104.16666666666667,0.0,1.8300006866455008,12.631097543223074,3.9618259111649863,-5.633997848735924,0.8,30.471103790834928,0.5286451900531184,50.74479238323027,0.7333623078935512
44856,Gerald Everett,CROSS,MAN_COVERAGE,5,1.0,12.8,118.75,0.0,1.3100002288818395,6.397801266935817,6.71686309887669,2.0382427751306813,0.8,11.176838788802616,-0.7752129138884936,40.801995914180424,-0.14038303316229228
53506,Josh Palmer,GO,MAN_COVERAGE,5,0.6,21.0,104.16666666666667,0.0,22.562000083923397,1.9799928619739795,1.2299088296576732,-0.750084032316306,0.0,16.4733933973205,0.43127150505578343,19.464505511383344,0.9032382188638424
41349,Logan Thomas,HITCH,MAN_COVERAGE,5,0.8,4.4,85.0,0.0,1.5779975891113438,4.22523340697681,2.7996850813676155,-1.4255483256091936,0.8,26.338471872587462,0.5024187710281056,16.305909480604708,0.1159216784516927
53434,Ja'Marr Chase,SCREEN,ZONE_COVERAGE,5,0.8,3.0,79.16666666666666,0.0,-2.8799995422363187,8.755581561814473,5.056233278684827,-3.288415554264605,1.0,27.187033329719338,0.9409897680384149,17.644482613742916,0.9153168386539908
52433,Brandon Aiyuk,IN,MAN_COVERAGE,5,0.4,8.8,32.50000000000001,0.2,11.401999664306661,1.7242984668844812,1.7903095414458967,0.06601107456141586,0.2,31.829664598425722,0.5768707914194298,44.342230400281785,0.8335901231669043
53453,Najee Harris,OUT,ZONE_COVERAGE,5,0.8,5.4,89.16666666666666,0.0,3.516000366210922,6.811752125175838,4.465517267637765,-0.9335398583487752,0.8,18.54590334097365,-0.019318258691601288,15.718675869169658,0.8146679500189564
54603,Calvin Austin III,HITCH,ZONE_COVERAGE,5,0.8,7.8,99.16666666666667,0.0,9.181999206543043,4.8810432060758,2.7287215961800624,-2.152321609895739,0.8,72.45527778329216,1.3344882418261323,97.44814178815713,0.48230811775991667
43584,Kalif Raymond,CROSS,ZONE_COVERAGE,5,0.6,10.2,94.58333333333333,0.0,2.0259994506835994,5.666478978868648,6.874549291521705,0.141375438406964,0.8,8.975052820354392,-2.574983362160612,25.882739007654536,0.2978075181999742
54473,Drake London,OUT,MAN_COVERAGE,5,0.6,7.6,83.75,0.0,9.01399993896484,1.2808154336639235,2.571509423364296,1.2906939897003729,0.0,42.10623091160556,0.3649942865860167,60.509828274796156,0.693856959832565
45244,Taysom Hill,FLAT,ZONE_COVERAGE,5,1.0,8.0,100.0,0.0,0.5079994201660198,7.887511272401385,5.987928592365956,-1.8995826800354265,1.0,30.90295235339692,-0.07403074420685955,46.49809070385731,0.6678525499686827
47847,DK Metcalf,SLANT,ZONE_COVERAGE,5,1.0,14.2,158.33333333333331,0.0,7.320000457763582,3.3884534729585596,2.4286808041471892,-0.9597726688113701,0.4,18.047981624745546,1.0722426638714353,51.621239895169026,0.5950650265086361
42412,Tyler Lockett,GO,ZONE_COVERAGE,5,0.0,0.0,0.0,0.2,24.891999435424673,1.2154330693706217,1.007507608154123,-0.20792546121649877,0.0,38.37948222410967,1.8622055235031678,42.938087853534626,0.8961815608770763
44912,Jonnu Smith,OUT,ZONE_COVERAGE,5,0.8,6.4,53.75,0.2,5.4300003051757795,5.645408507249362,4.078244717544194,-1.5671637897051682,1.0,29.33521758514909,-0.48315354290039814,27.174100656391506,0.8289528615374422
55907,Luke Musgrave,HITCH,ZONE_COVERAGE,5,0.8,6.2,92.5,0.0,4.612001037597679,5.73137764051522,4.208835227365605,-1.522542413149615,1.0,19.355275439389324,-3.7170304304186983,34.37995806956758,-0.02961138770935212
55915,Jayden Reed,CROSS,ZONE_COVERAGE,5,0.8,10.8,111.66666666666667,0.0,14.102000427246097,4.178184014870853,3.7954710041404525,-0.40137046158244943,0.6,16.325086749747356,-1.400712185903253,79.04409899089832,0.6633207300839494
56024,Dontayvion Wicks,SLANT,ZONE_COVERAGE,5,0.8,10.0,108.33333333333333,0.0,7.086000061035162,3.5289169680876027,3.318979084080978,-0.20993788400662527,0.2,21.323052617454834,1.143586573310224,24.24582100495561,0.05050173663070978
52581,Darnell Mooney,OUT,ZONE_COVERAGE,5,0.8,6.6,94.16666666666667,0.0,5.46999969482422,4.352489080645244,3.582627698345702,-0.7698613822995409,0.8,21.879482933193923,0.08321374471970663,48.47815047899657,0.6716491370508548
54597,Romeo Doubs,GO,MAN_COVERAGE,5,0.2,0.8,79.16666666666666,0.0,16.88599853515627,1.4905003716389527,0.8204287654330094,-0.6700716062059433,0.0,25.056907204649985,1.5562415656586943,15.711312340188027,0.9705319743668032
52541,Colby Parkinson,FLAT,ZONE_COVERAGE,5,0.8,3.2,80.0,0.0,1.178000259399441,6.930997737758813,4.880844870054107,-2.0501528677047065,1.0,10.696219266570404,-0.28413295844672637,23.692459260633292,0.827437642270767
46130,D.J. Chark,GO,ZONE_COVERAGE,5,0.6,12.6,143.75,0.0,21.841999816894543,2.0902131877849386,3.1369606701207395,1.0467474823358007,0.2,25.245753914408162,2.6113179162609965,35.75864593429264,0.5669434167527072
40488,Adam Thielen,HITCH,MAN_COVERAGE,5,0.6,8.0,85.41666666666666,0.0,8.22399902343756,2.78531931147812,2.4522562152775493,-0.3330630962005712,0.4,35.778893929120855,2.612573036834263,68.41177828389712,0.08346407994184608
47808,Marquise Brown,SLANT,MAN_COVERAGE,5,0.8,8.2,100.83333333333333,0.0,6.46999931335458,3.1652966462809333,3.488775949980563,-0.8887214594703986,0.4,16.61650426558672,0.27609272198390505,6.907257092103421,0.8469994111426511
44901,D'Onta Foreman,FLAT,ZONE_COVERAGE,5,0.8,2.4,118.75,0.0,-1.028001403808601,9.092360215607254,4.767613991424581,-5.041054282428159,1.0,17.70498058289031,-0.5129654271357029,29.53003216532155,0.7621270035180694
52536,Gabe Davis,GO,ZONE_COVERAGE,5,0.8,19.2,118.75,0.2,21.58799877166735,4.156141559608687,2.9030274076373312,-1.2531141519713553,0.6,39.96076334174595,-0.07523025492284452,52.49529276603228,0.38686970343579674
46277,Cedrick Wilson Jr.,HITCH,ZONE_COVERAGE,5,0.6,6.4,78.75,0.0,6.64399948120118,4.12548718004649,2.420060051726036,-1.7054271283204543,0.6,63.613991444596174,-0.09270943802527887,37.85752058427441,0.5805094649667083
54499,Christian Watson,IN,ZONE_COVERAGE,5,0.4,3.0,47.91666666666667,0.4,10.25799789428724,3.856248679681702,3.644290254890772,-1.019796359187237,1.0,27.484832332575753,-0.34981457192542464,43.85452194318068,0.3923439259163152
54499,Christian Watson,OUT,ZONE_COVERAGE,5,0.4,2.8,47.91666666666667,0.0,4.659999656677261,3.6766722886984184,3.2578882299653515,-0.41878405873306657,0.4,44.191948065589315,0.5976687108030967,40.41416803111183,0.5759551910100953
52625,Jauan Jennings,IN,ZONE_COVERAGE,5,0.8,8.6,102.50000000000001,0.0,7.9019985198974805,2.5791806003288267,2.9773678437018334,0.39818724337300665,0.6,32.840956501644385,1.1262151049467888,33.6270251690896,0.17801063107292836
53506,Josh Palmer,OUT,ZONE_COVERAGE,5,0.8,7.6,98.33333333333334,0.0,10.1279998779297,3.763126744099096,2.421928048785233,-1.3411986953138633,0.8,59.47462297653781,0.9339564395490182,53.46466038642486,0.8262254355301748
55133,Rashid Shaheed,GO,MAN_COVERAGE,5,0.6,23.0,143.75,0.0,33.05200052261358,1.7803731756563805,1.651617327879111,-0.12875584777726923,0.2,25.536872788069978,0.9325630253824603,38.223073109499154,0.9643659308512417
55946,Tyjae Spears,FLAT,MAN_COVERAGE,5,0.8,5.6,90.0,0.0,-1.2999992370605624,8.411821608077288,4.112653211483749,-2.602971755064196,1.0,15.544191293059033,-0.2664946352275752,9.325109290486346,0.4080290786016641
54905,Jaylen Warren,ANGLE,ZONE_COVERAGE,5,0.6,3.4,66.25,0.0,1.8600006103515596,7.662187055836928,3.4929028141757357,-2.889856436081567,0.8,30.160927673083744,-0.4859662257243464,10.957177549190277,0.9115741939902332
46167,Jordan Akins,FLAT,ZONE_COVERAGE,5,0.8,4.8,86.66666666666667,0.0,-0.1699981689454219,7.766436011570548,7.143867077796114,-0.43368703698877525,1.0,7.917573620028764,-0.5127652377145886,31.959804003527136,0.6350555503449815
52625,Jauan Jennings,OUT,MAN_COVERAGE,5,0.6,6.8,120.0,0.0,4.890000534057642,1.7044179560556547,2.558231996869879,0.8538140408142241,0.0,38.36544509202016,1.5405519746399006,40.24558352781277,0.8016582648797635
44820,Christian McCaffrey,FLAT,MAN_COVERAGE,5,1.0,5.6,129.58333333333334,0.0,-1.5120004653930388,9.662556852772802,5.100110352735968,-2.3364484331074995,0.8,18.10609788387638,0.5848026391142553,14.755109894792525,0.962536329422457
52541,Colby Parkinson,HITCH,ZONE_COVERAGE,5,1.0,9.8,147.08333333333331,0.0,3.0380004882812583,3.344133144701982,3.8983607596413585,0.5542276149393766,0.4,26.75480677252645,-0.5788903299133693,10.82965889765635,0.4891571696861913
54594,Jake Ferguson,CORNER,ZONE_COVERAGE,5,0.4,8.0,68.75,0.0,14.569999885559033,2.65533673423501,1.9284883260338508,-0.7268484082011593,0.4,30.037783894819643,0.5320460806462937,23.2131038822284,0.7338184005090266
52615,Isaiah Hodgins,IN,MAN_COVERAGE,5,0.4,5.6,98.33333333333334,0.0,9.489998626709,3.296878985226038,1.7592708987333574,-1.5376080864926807,0.4,25.353173955647897,0.5979646232858217,32.912712033160346,0.840259516412352
46071,Saquon Barkley,FLAT,MAN_COVERAGE,5,0.6,3.6,106.66666666666667,0.0,-0.2379981994628988,5.095971696188019,7.651519930293434,1.8583941865521365,0.8,11.439610078296004,1.0034663034401503,6.712790522598738,0.7538561899791953
47842,Parris Campbell,OUT,ZONE_COVERAGE,5,0.8,6.0,91.66666666666666,0.0,3.8840011596679602,6.394734773533092,4.900033138677597,-1.4947016348554956,1.0,25.840082065395535,-0.19182921728428645,32.5171297733543,0.24881511133389406
43454,Tyreek Hill,POST,MAN_COVERAGE,5,0.4,9.6,75.41666666666667,0.0,14.81799926757808,1.269038304773913,2.630409677282814,1.3613713725089005,0.0,42.16245262646278,0.12494579648496469,50.37385595872825,0.5565704885750298
52942,Juwan Johnson,OUT,MAN_COVERAGE,5,0.6,6.0,77.08333333333334,0.0,8.743999481201158,2.1412499548211605,2.462589386527423,0.3213394317062628,0.2,37.69457736402094,0.8166418343799133,40.764239298041154,0.4650433808154261
44978,Jamal Agnew,OUT,ZONE_COVERAGE,5,0.6,5.6,75.41666666666667,0.0,8.70999908447266,3.593315892720306,2.103797999029621,-1.4895178936906857,0.6,55.77773888644649,0.9448396065286898,59.79929534155532,0.6825402595986262
53434,Ja'Marr Chase,HITCH,MAN_COVERAGE,5,0.8,4.6,125.41666666666667,0.0,11.909999084472641,1.5748360224667448,1.9706371192656422,0.3958010967988971,0.0,71.7231111774479,0.2014290350964786,79.03023293047228,0.5434239133953783
43399,Tyler Higbee,FLAT,MAN_COVERAGE,5,0.8,7.0,135.41666666666669,0.0,1.5419994354247784,6.9555196741465775,5.278115758022479,-1.6774039161240986,1.0,8.783907556202724,0.9854873824763952,45.17699075276489,0.4280126215176237
46118,Dallas Goedert,CROSS,MAN_COVERAGE,5,1.0,18.4,118.75,0.0,4.47400054931642,2.185246277941386,2.9302873989972005,0.745041121055814,0.2,5.2163468013082595,0.5536163087245753,30.702201970112764,0.6718847783156374
53439,DeVonta Smith,CROSS,ZONE_COVERAGE,5,0.8,7.2,96.66666666666667,0.0,5.930001068115222,4.121215879691632,2.3854221780327634,-1.9225474082999885,0.8,9.630150554377844,-0.7950005035820972,16.132123923370884,0.8112246635613478
56056,Trey Palmer,CROSS,ZONE_COVERAGE,5,0.6,7.8,124.16666666666667,0.0,12.362000274658119,4.352015937294551,4.742186107463984,0.15939429828084287,0.8,9.752629710814716,-1.0672979536449179,54.33673570543048,0.5120611742535189
42547,Darren Waller,OUT,ZONE_COVERAGE,5,0.6,7.0,81.25,0.0,4.009999847412101,2.664583553721155,3.648368321525627,0.9837847678044721,0.2,12.667305061253746,2.5679213170695,35.114187756560966,0.6476011977518727
54563,Brian Robinson,ANGLE,ZONE_COVERAGE,5,1.0,7.6,98.33333333333334,0.0,2.4259994506836806,4.350492541317502,2.7603167079779563,-1.5901758333395455,0.8,35.841243408733035,-0.03101180984998848,20.695510491138975,0.8193554116030237
54518,Alec Pierce,OUT,ZONE_COVERAGE,5,0.4,3.6,50.41666666666668,0.0,8.821998977661043,2.860303876367335,1.6377223686143227,-1.2225815077530124,0.4,44.653898564879434,0.26534602531323304,29.23961568139061,0.8929471036776011
55944,Josh Downs,FLAT,MAN_COVERAGE,5,0.6,6.6,79.58333333333334,0.0,1.2500000000001221,2.9003523227361194,3.6699327471563437,0.7695804244202238,0.6,12.555771955994782,0.554125182441869,21.383175943322236,0.43248327213437177
55887,Jordan Addison,OUT,MAN_COVERAGE,5,0.8,11.2,113.33333333333333,0.0,9.253999328613219,3.499693579195602,2.095676947705625,-1.4040166314899771,0.6,29.258580513162002,2.502141873316391,64.44072951555889,0.8332967649222767
56056,Trey Palmer,IN,ZONE_COVERAGE,5,0.4,5.6,58.75,0.0,7.705999755859381,3.732420947509458,2.3954532087597484,-0.37289579623659724,0.4,16.168824612132823,0.5425386500227919,20.47265795733798,0.45608949414585465
48541,Lil'Jordan Humphrey,CROSS,ZONE_COVERAGE,5,0.8,8.2,100.83333333333333,0.0,2.48599853515624,4.325797428575808,4.084024228522291,1.191249408281548,0.6,8.249358175293219,-0.41140806413905223,9.209491540492897,0.8826923698716657
45185,Kendrick Bourne,OUT,ZONE_COVERAGE,5,1.0,6.0,91.66666666666666,0.0,5.2580001831054615,4.539665522938914,2.7176181821414924,-1.8220473407974218,0.8,38.39004989067017,0.8161525474413172,43.18082788668803,0.7969872256945105
42357,DeVante Parker,HITCH,ZONE_COVERAGE,5,0.8,5.0,87.5,0.0,3.1080001831054576,4.2277614790037275,1.4892948206361656,-2.7384666583675616,0.8,36.66960865568271,0.5518818857741074,16.294340933515002,0.5108549621730584
43454,Tyreek Hill,OUT,MAN_COVERAGE,5,0.2,0.4,79.16666666666666,0.0,7.100000381469618,1.2354388312456994,1.084615179651393,-0.15082365159430666,0.0,54.023973665239374,1.5427179637661623,48.95062485102825,0.8226167381788061
54594,Jake Ferguson,FLAT,MAN_COVERAGE,5,0.8,8.4,141.25,0.0,-0.0720008850097436,3.8450799203915524,4.395177705689389,0.4758381841125258,0.8,7.823669118407077,-0.6736185391650302,32.91007963149122,0.12911269675720388
47954,Darius Slayton,GO,ZONE_COVERAGE,5,0.2,6.8,15.833333333333332,0.2,29.97400207519538,2.7677269761263448,2.926445187433056,0.1587182113067109,0.4,29.827567089646845,1.1328572102386163,33.87285227285128,0.7697305286978444
53536,Michael Carter,OUT,ZONE_COVERAGE,5,0.6,1.8,25.0,0.2,1.6479995727538594,6.739769261984138,2.9004173889628597,-2.8967834844477744,1.0,11.950392137586476,0.3835923604304375,25.65053234107061,0.816448219907845
46226,Tyler Conklin,SCREEN,ZONE_COVERAGE,5,1.0,6.6,94.16666666666667,0.0,-3.6940010070801192,15.121123272241158,,,1.0,14.74320594101124,0.2589849980861153,,
54528,James Cook,WHEEL,MAN_COVERAGE,5,0.4,9.0,112.5,0.0,16.322000694274912,2.505950732466782,3.269041028321799,0.7630902958550182,0.4,33.58296118755767,0.5777843955167181,41.74127782845321,0.8491036547855387
47834,A.J. Brown,OUT,MAN_COVERAGE,5,0.6,7.0,120.83333333333333,0.0,11.749998474121039,2.8972785396411322,2.0765115070546583,-0.8207670325864742,0.4,32.36009394294699,0.5918775620446055,45.436737902026366,0.7498413591841209
53439,DeVonta Smith,OUT,MAN_COVERAGE,5,0.8,6.6,133.75,0.0,7.447998809814502,1.5110474280198416,1.6087065318556015,0.09765910383575985,0.0,37.83842160533916,-0.3874355034195773,47.598001530091565,0.7072261236580925
46111,Mike Gesicki,OUT,ZONE_COVERAGE,5,1.0,6.0,91.66666666666666,0.0,3.487998962402338,4.549001183756693,3.6756883134146476,-0.8733128703420456,0.6,22.066197408950718,-0.2859718335309749,31.17645992674405,0.6374980989265736
53456,Rashod Bateman,OUT,ZONE_COVERAGE,5,0.6,6.4,78.75,0.0,12.5819999694824,3.1513915688136174,2.245261554300254,-0.9061300145133634,0.6,52.62319610589734,0.4392499920485637,56.71703058751439,0.7127161953741583
53556,Kylen Granson,CROSS,ZONE_COVERAGE,5,1.0,10.4,109.99999999999999,0.0,5.8560001373291,5.617232598540248,4.180448998787254,-1.6364996658951594,0.8,10.428208108208532,-0.40155107469261253,42.230341983856015,0.757537697413357
54518,Alec Pierce,GO,ZONE_COVERAGE,5,0.2,11.0,72.91666666666666,0.0,34.81000061035148,1.2072555759537438,1.2400089264758283,0.03275335052208472,0.0,22.251824786539487,1.128661901134142,27.420229966767742,0.9538231152821799
52922,Salvon Ahmed,FLAT,ZONE_COVERAGE,5,0.6,3.0,25.0,0.2,0.18600082397462359,6.07566685942748,3.6175970394263715,-2.51558922606961,1.0,18.130635134655176,-0.5775884869181794,42.741989037165425,0.6786975856854711
53478,Rondale Moore,IN,ZONE_COVERAGE,5,0.8,9.4,105.83333333333333,0.0,7.26199951171874,3.785061041527107,3.498119766051927,-0.28694127547518034,0.4,11.437980789683058,1.9233957072127925,58.91872114502701,0.6426321771578867
56252,Xavier Gipson,FLAT,ZONE_COVERAGE,5,0.8,2.6,79.16666666666666,0.0,-1.3739997863769589,9.933878969802139,6.083689962601986,-3.7646822426946454,1.0,21.8262308849281,-0.8878110419075302,42.410411767803254,0.5836611542211636
46226,Tyler Conklin,GO,MAN_COVERAGE,5,0.6,13.8,104.16666666666667,0.0,16.612000846862806,1.4642397441032111,0.8503383335373647,-0.6139014105658464,0.0,14.362413634574597,0.818853442569225,26.201749148810716,0.9687770713762681
55920,Rashee Rice,CROSS,ZONE_COVERAGE,5,1.0,11.4,153.75,0.0,3.7979995727538607,5.6438581775399514,3.6533381730031365,-2.0400686285243443,1.0,14.38313393024979,-0.6256140930118537,27.56635103485916,0.7363595013881834
47932,Hunter Renfrow,OUT,ZONE_COVERAGE,5,0.6,6.8,80.41666666666667,0.0,6.756000900268559,2.4299433308284306,1.9661359578813993,-0.4638073729470312,0.4,23.23956380592906,0.32138550906058166,36.69513847305553,0.67018277043371
41282,Davante Adams,OUT,MAN_COVERAGE,5,1.0,4.8,126.25,0.0,6.351999092102015,3.183655380858041,2.0179142307238886,-1.165741150134153,0.6,30.533425562039962,1.391409365726052,38.525507090588974,0.8350896668364556
56075,DeMario Douglas,CROSS,ZONE_COVERAGE,5,0.6,17.4,64.58333333333334,0.2,22.02199935913084,4.620965324820218,4.124362802190539,-0.49660252262967913,0.6,23.664251613296386,-0.358686611445126,41.57510802937758,0.543668585116907
40011,Travis Kelce,SLANT,MAN_COVERAGE,5,1.0,7.0,95.83333333333334,0.0,2.0100006103515584,3.729032961025176,1.3080419581333846,-0.14419237069252597,0.4,14.945762324348312,0.6202996592028194,17.72714789968894,0.8283310114027155
47819,Deebo Samuel Sr.,OUT,ZONE_COVERAGE,5,0.8,10.0,108.33333333333333,0.0,5.472000122070379,3.924990788123707,2.4246600048677758,-1.5003307832559318,0.8,41.88439087848842,1.589295918666483,32.27032646994782,0.8149542418966558
46150,Michael Gallup,GO,MAN_COVERAGE,5,0.6,21.8,143.75,0.0,26.596000099182135,1.0289974565144704,0.726873752728943,-0.3021237037855273,0.0,32.16376975166172,1.550080331493312,42.1358283784458,0.7467986826671884
54499,Christian Watson,GO,ZONE_COVERAGE,5,0.2,10.6,31.666666666666664,0.2,43.18199920654304,2.1638893696363004,1.0728957161538308,-1.0909936534824698,0.2,25.712439273963163,0.0923815034984461,20.870170808137278,0.8712768296457101
41238,Odell Beckham,HITCH,ZONE_COVERAGE,5,0.8,5.8,90.83333333333333,0.0,5.995999145507821,6.671039337100228,4.086075578980401,-1.401666770793463,1.0,43.796225718573076,-0.8054487464265264,39.388116545436205,0.2871451321070134
53579,Kenneth Gainwell,FLAT,MAN_COVERAGE,5,1.0,9.8,107.5,0.0,-1.4279998779297003,10.425364517958867,3.465529475434608,-1.3643845275070066,1.0,17.786836695738135,-0.482863847731414,11.014827749314577,0.793436496740546
56042,Puka Nacua,GO,MAN_COVERAGE,5,0.6,14.6,143.75,0.0,25.10600051879887,1.8425885908794535,1.11404872215073,-0.7285398687287234,0.2,29.573256226793905,1.1779721370650074,25.726548918019397,0.9198363206621929
53449,Kadarius Toney,OUT,ZONE_COVERAGE,5,0.8,4.6,85.83333333333334,0.0,2.201999664306662,4.030354833056397,3.215040608731163,-0.8153142243252336,0.6,22.993618015188428,1.6411370757036579,15.462421629815163,0.6474286544510038
47791,T.J. Hockenson,SLANT,MAN_COVERAGE,5,0.8,6.8,95.0,0.0,5.007999420166018,2.236186897288346,1.8255645200071455,-0.4106223772812,0.2,14.432015656687645,1.386935875338208,20.14383778899782,0.5860128339849883
53449,Kadarius Toney,HITCH,ZONE_COVERAGE,5,0.6,5.4,35.0,0.2,3.3440010070800783,5.231240553964319,3.333042244734483,-1.8981983092298367,0.8,33.9555156988962,-0.7113855760247552,23.402835228256304,0.3402735324977929
55887,Jordan Addison,CROSS,MAN_COVERAGE,5,0.6,8.6,87.91666666666667,0.2,7.728000354766746,1.222274816924251,1.262597236636918,0.040322419712667035,0.0,26.234455500163058,0.533250553154215,25.283321049243153,0.8430730987308056
47819,Deebo Samuel Sr.,SLANT,MAN_COVERAGE,5,0.2,3.8,42.91666666666667,0.0,3.6119991302490413,2.60538406498734,1.6312672428836315,-0.9741168221037085,0.4,14.248681902437813,1.2140939179033725,7.96476840997409,0.82537451909712
54553,Jalen Tolbert,HITCH,MAN_COVERAGE,5,0.8,8.0,100.0,0.0,7.573999023437503,2.7063873855456997,1.799969132821713,-0.9064182527239872,0.4,100.99509048723216,2.216074290378691,66.27044222625656,0.17645928233926983
53553,John Bates,FLAT,ZONE_COVERAGE,5,0.8,5.2,88.33333333333333,0.0,0.3160003662109389,9.459203803130885,5.835804544137462,-1.7824927441557339,1.0,10.659469137971518,0.013168836395966822,36.16001637911501,0.5286782002960153
44852,Curtis Samuel,CROSS,ZONE_COVERAGE,5,0.8,6.4,93.33333333333333,0.0,8.053999328613259,7.958686243065034,4.136824547390303,-1.4428591267678654,0.8,32.27751257734931,0.3759772746521282,33.448408004582966,0.6192837544214079
54518,Alec Pierce,HITCH,ZONE_COVERAGE,5,0.6,8.4,87.08333333333333,0.0,7.322000122070321,3.3048364554074596,2.912176392578812,-0.3926600628286477,0.6,67.43460017809716,0.5191118772073444,51.22047445259707,0.053683673737254245
52433,Brandon Aiyuk,GO,ZONE_COVERAGE,5,0.2,4.0,43.75,0.0,21.28400001525878,2.2946955126253914,1.8876765797180795,-0.4070189329073119,0.4,13.208486170938102,1.2018670253557595,17.892194364248347,0.5808969674880091
52625,Jauan Jennings,POST,ZONE_COVERAGE,5,0.4,7.4,26.66666666666667,0.2,16.20400009155274,2.131426909083882,2.9006614884890594,0.7692345794051771,0.0,50.81025198822092,1.2409916869218023,64.36316001345813,0.4214398970703902
43399,Tyler Higbee,OUT,MAN_COVERAGE,5,0.8,8.0,100.0,0.0,4.879999542236341,4.146662667088394,4.073995913093437,-0.07266675399495606,0.8,26.56602877663999,1.2741543406055356,24.97364204773109,0.722541487776148
46189,Will Dissly,HITCH,ZONE_COVERAGE,5,0.8,4.8,86.66666666666667,0.0,1.91199989318848,5.136266637564333,4.394174753984335,-0.742091883579998,0.8,32.37530373334529,-1.9103960964856728,32.210715115540815,0.06611694167285875
53486,Tutu Atwell,IN,MAN_COVERAGE,5,0.6,10.0,93.75,0.0,14.955999708175643,1.6909752617197398,1.5513064422767355,-0.13966881944300463,0.0,45.34678082461492,1.478745587446681,57.528808444296786,0.7974606825589406
56042,Puka Nacua,SLANT,MAN_COVERAGE,5,0.6,4.0,68.75,0.0,6.414000320434559,1.759815540771679,1.2819787614653553,-0.47783677930632307,0.2,16.79862713376129,1.6650834240008965,21.977731658842004,0.8363725685196111
43399,Tyler Higbee,GO,ZONE_COVERAGE,5,0.6,17.0,104.16666666666667,0.0,18.484000396728522,1.9003509581928033,2.950996243727377,1.0506452855345736,0.2,24.32391887780775,0.9592298720786363,48.43800283053851,0.8800418772986681
55884,Jaxon Smith-Njigba,SCREEN,ZONE_COVERAGE,5,0.8,4.4,85.0,0.0,-3.68999977111816,9.090631256262931,4.983755439275663,-3.2743003119209413,1.0,43.09811143277989,1.868723974898149,42.968817019886586,0.6883958931216667
52465,Van Jefferson,OUT,ZONE_COVERAGE,5,0.4,3.8,11.66666666666667,0.2,9.8659996032715,2.8930112228899136,2.560233260755175,-0.3327779621347389,0.6,43.58368091512363,1.0284382027819507,40.81438986288818,0.8447372742856736
54476,Chris Olave,CROSS,ZONE_COVERAGE,5,0.4,3.2,9.166666666666671,0.2,16.28399963378906,4.441928674514887,3.515235769355443,-0.25779018507942164,0.6,12.018494206108988,0.4624300289669144,26.98895603906206,0.9620167308020137
42347,Amari Cooper,OUT,MAN_COVERAGE,5,1.0,7.8,99.16666666666667,0.0,5.6460002899170005,2.222818864513792,2.124065551918261,-0.09875331259553088,0.2,50.33761924186452,1.759927991877713,46.1163226050926,0.6719823221300892
44874,JuJu Smith-Schuster,FLAT,MAN_COVERAGE,5,0.8,3.4,120.41666666666666,0.0,2.4459999084472015,3.2740197594685148,2.3202040406275946,-0.953815718840921,0.4,28.99886230485229,-0.24158641471662284,35.851019332954884,0.13757482178259678
42589,Geoff Swaim,HITCH,ZONE_COVERAGE,5,1.0,8.6,102.50000000000001,0.0,4.322000122070319,3.9187363353703497,4.99383558698774,1.0750992516173905,0.6,26.93149835697734,-1.9517143342223626,33.47221652912571,-0.7591240027762094
55899,Sam LaPorta,CORNER,ZONE_COVERAGE,5,0.6,19.6,64.58333333333334,0.2,17.472000122070302,5.348485039221632,5.353117218140136,0.004632178918504692,1.0,36.38102573033608,-0.13934707022118217,41.981815755273566,0.390932453981078
55904,Jonathan Mingo,HITCH,MAN_COVERAGE,5,0.6,5.0,72.91666666666666,0.0,5.329999542236202,1.7798763688144963,1.3040953061158476,-0.47578106269864867,0.2,46.14249477980995,4.709813144667743,60.679587125771675,0.2840657967599435
44930,Josh Reynolds,CROSS,ZONE_COVERAGE,5,0.4,6.8,63.75000000000001,0.0,5.815999984741201,3.7546172208197133,2.6693172887456074,-1.7253182267322622,0.4,18.432770506458603,-0.691313245546894,23.273894479032926,0.728434399842154
55946,Tyjae Spears,ANGLE,ZONE_COVERAGE,5,0.8,5.8,90.83333333333333,0.0,-0.174000167846701,8.297935503594056,3.21018409314499,-2.7472017237229047,1.0,19.68864616203387,-0.5749956899839919,14.217517066534137,0.910340282867975
56012,Josh Whyle,HITCH,ZONE_COVERAGE,5,0.6,4.8,72.08333333333333,0.0,6.753999328613378,3.396043701289895,2.111334751338062,-1.2847089499518336,0.6,33.8126302939563,0.6803336623777698,39.77877118213546,0.5122171590319737
46277,Cedrick Wilson Jr.,GO,ZONE_COVERAGE,5,0.4,8.4,70.41666666666667,0.0,13.35,3.134956522510122,3.13064347784192,-0.004313044668201815,0.6,29.628279070194885,-0.2023918105958497,62.66583498830266,0.4611155641961854
42547,Darren Waller,GO,ZONE_COVERAGE,5,0.6,8.8,128.33333333333334,0.0,15.627999877929721,3.0004069769442934,1.7018108007182402,-1.298596176226053,0.2,20.47704919946481,0.9598562494436151,30.683733920472577,0.9130756438406143
44835,Evan Engram,GO,ZONE_COVERAGE,5,0.8,16.4,158.33333333333331,0.0,18.71999969482416,2.142345533688713,1.3513035922972423,-0.7910419413914707,0.2,26.563686348119695,0.5388024595432206,19.100820534302937,0.9480860116257321
56056,Trey Palmer,POST,ZONE_COVERAGE,5,0.2,4.4,85.0,0.0,25.7520004272461,1.3420932673298278,2.702257611915307,1.360164344585479,0.0,26.821232398303682,0.21114702563248003,28.341994345971045,0.8405999464476596
42357,DeVante Parker,SLANT,MAN_COVERAGE,5,0.4,4.2,52.916666666666664,0.0,6.769998931884781,3.482867542148349,1.464049112042186,-2.0188184301061627,0.6,24.207558482898804,0.20864340847872143,19.030053317347402,0.8905705813921122
47833,Irv Smith,HITCH,ZONE_COVERAGE,5,1.0,7.0,95.83333333333334,0.0,3.137999725341802,3.984546181705885,2.688949730649933,-1.2955964510559523,0.8,11.69879068661478,-1.5042557102704504,38.993448830293396,0.702338019293805
53434,Ja'Marr Chase,GO,MAN_COVERAGE,5,0.6,23.6,143.75,0.0,21.90200042724614,1.2197904066519836,1.4073749980590713,0.18758459140708772,0.0,21.443195842473386,1.3467464574353378,25.06551572803459,0.9807461981048707
52442,Michael Pittman,POST,ZONE_COVERAGE,5,0.8,12.2,77.91666666666667,0.2,13.6599998474121,3.5215059582629484,2.96046916822256,-0.5610367900403883,0.4,27.95823149623599,-0.5184662023763739,24.989571302147777,0.18147544561797527
47954,Darius Slayton,OUT,ZONE_COVERAGE,5,1.0,9.0,143.75,0.0,5.818000030517579,4.917482476527061,4.816917653479692,-0.10056482304736906,0.8,23.960991229193592,0.37800793679654066,30.863815154498674,0.6517092231788225
47965,Trayveon Williams,FLAT,ZONE_COVERAGE,5,1.0,0.6,79.16666666666666,0.0,-4.319999694824242,11.047835235661786,3.13070308857077,-5.661358558443333,1.0,29.494672807697953,-0.034886558389086275,17.55290423998646,0.963880822901257
55885,Quentin Johnston,GO,MAN_COVERAGE,5,0.4,7.6,67.08333333333334,0.0,15.89200057983398,1.3374463734831354,0.8057028023710908,-0.5317435711120447,0.0,31.059883049365038,0.24057999645134984,27.752510540130714,0.6851003188473936
55946,Tyjae Spears,HITCH,ZONE_COVERAGE,5,0.4,1.4,47.91666666666667,0.0,3.863999176025382,4.970825120589226,2.8482510780842274,-2.122574042504998,1.0,29.05348642950799,-1.4121757385257176,46.82320911298574,0.6586891760601142
40024,Keenan Allen,POST,ZONE_COVERAGE,5,0.6,15.4,104.16666666666667,0.2,18.454000854492143,2.9992559130348164,3.5237154934566903,0.5244595804218741,0.6,27.14878559024436,-0.005229940253450494,48.052331839186195,0.48567814345988297
47808,Marquise Brown,IN,ZONE_COVERAGE,5,0.2,4.4,45.416666666666664,0.0,15.57799911499024,3.008819281635918,1.6578232405561273,-1.3509960410797912,0.4,56.291140981177406,-0.25913118546131175,51.1355141963298,0.4164455414302961
55965,Tre Tucker,GO,ZONE_COVERAGE,5,0.0,0.0,39.58333333333333,0.0,35.036000823974646,1.9382661534376495,2.6793362716493805,0.7410701182117311,0.2,29.478576536050973,0.38703087850638374,23.96740962097594,0.9265370944903879
41282,Davante Adams,CORNER,ZONE_COVERAGE,5,0.4,7.6,67.08333333333334,0.0,28.444000625610357,4.137375986483728,3.6226684940034217,-0.514707492480307,0.8,34.69361793322566,0.3752017274253651,72.44570850550794,0.8154410475835622
40129,Latavius Murray,FLAT,ZONE_COVERAGE,5,0.8,4.6,85.83333333333334,0.0,-3.400000381469721,10.19502529074617,7.051633276643797,-0.7880932545126149,1.0,6.870869661704267,-0.28361840211051687,29.441792998175742,0.5330400308017877
47954,Darius Slayton,CROSS,ZONE_COVERAGE,5,1.0,17.6,118.75,0.0,7.251998901367159,5.270619135838824,3.762959150478295,-1.507659985360529,0.6,19.175305940883003,-0.48320120586702214,35.438288790901716,0.6882189220552493
41246,Brandin Cooks,IN,ZONE_COVERAGE,5,0.8,10.6,110.83333333333334,0.0,10.0240005493164,2.916399767159354,3.3516067418878466,0.43520697472849273,0.4,27.115056574219246,-1.3182041481973494,42.891262496017355,0.3251974220580195
52430,Justin Jefferson,HITCH,MAN_COVERAGE,5,1.0,9.0,104.16666666666667,0.0,6.97400054931642,3.0596557507008697,1.8681413987062492,-1.1915143519946207,0.6,112.39044433610624,2.4467579830055244,55.34589762566382,0.40958846171322094
47852,Josh Oliver,CROSS,ZONE_COVERAGE,5,0.8,6.4,132.91666666666666,0.0,0.43799991607668004,4.721594421458054,5.875861548952985,1.1054741292215102,1.0,12.601431130170578,-0.6334789108910591,25.520766332142856,-0.061083981537297424
44856,Gerald Everett,CROSS,ZONE_COVERAGE,5,1.0,11.8,115.83333333333334,0.0,5.4360008239746005,4.966462079791922,5.304865271394588,-0.3639450102772469,0.8,16.21714529661232,-0.8189435161976155,41.82724577969007,0.6460747777479703
52429,Jalen Reagor,SLANT,MAN_COVERAGE,5,0.4,3.2,48.75000000000001,0.0,4.87800064086914,3.325820807638754,1.199256454949337,-2.1265643526894173,0.6,11.418650380601225,0.7644015951832136,17.704200595485606,0.4966178415284455
52465,Van Jefferson,SLANT,ZONE_COVERAGE,5,1.0,7.4,97.5,0.0,5.464000701904302,4.2727766534138505,2.4498419434822183,-1.8229347099316318,0.8,24.81143039192118,0.8694098247420318,39.05445413594363,0.43535538949756863
55959,Michael Wilson,SLANT,ZONE_COVERAGE,5,0.4,6.8,24.16666666666667,0.2,6.7879997253418,2.9056915182849488,2.6627584208155617,-0.2429330974693869,0.4,15.735251568658123,-0.5313425858028265,43.1434791598502,0.7623586476904791
46270,Boston Scott,FLAT,ZONE_COVERAGE,5,0.6,9.0,89.58333333333334,0.0,4.594000244140558,9.320666274314451,6.4999997262113665,-2.5709336515862065,0.6,36.42977541925836,-0.40771277660897215,30.16545539236867,0.8959939027049215
54475,Garrett Wilson,CROSS,ZONE_COVERAGE,5,0.6,11.4,99.58333333333333,0.0,9.62999954223634,3.5499187747187277,2.612224170407805,-1.0589060676922621,0.8,17.91801349757667,0.08805614099969539,15.630918685678907,0.8185052434927972
46189,Will Dissly,CROSS,ZONE_COVERAGE,5,1.0,11.0,152.08333333333331,0.0,1.8079990386963012,4.220015322069583,3.8368324247670644,0.2353723538978505,0.8,9.495662871661773,0.08218710362591963,12.98873295477162,0.8070203106853238
47847,DK Metcalf,OUT,MAN_COVERAGE,5,0.4,3.6,50.41666666666668,0.0,8.71200046539306,3.271931585774579,1.4499368434299997,-1.8219947423445795,0.6,46.0026074919421,0.5035096620902838,55.567243850668,0.8672182865186503
53456,Rashod Bateman,CROSS,MAN_COVERAGE,5,0.8,7.8,99.16666666666667,0.0,7.434000778198245,2.083616939582736,1.892774331281625,-0.19084260830111138,0.2,14.875358707941695,0.13900931532615884,11.214948784760725,0.9091905360781111
47896,Justice Hill,ANGLE,ZONE_COVERAGE,5,0.8,11.2,113.33333333333333,0.0,0.5600006103515611,8.235519815630287,3.265407836164312,-2.2350293099281076,1.0,14.793233210513609,-0.5750542275178645,60.16237744889701,0.4080905699474597
52441,Tee Higgins,SLANT,ZONE_COVERAGE,5,0.8,23.0,158.33333333333331,0.0,6.096001434326179,4.564103988074716,3.295147395602193,-1.2689565924725223,0.6,24.974108275928064,0.8453776624535451,49.15442224994034,0.6426487257244201
46155,Mark Andrews,OUT,MAN_COVERAGE,5,0.8,5.4,128.75,0.0,5.598000144958445,2.471306342277826,1.6165347789244375,-0.8547715633533883,0.4,31.39642285677607,0.9160466652387683,26.393909658220043,0.7060184706023988
52441,Tee Higgins,OUT,ZONE_COVERAGE,5,0.8,8.8,103.33333333333334,0.0,9.95599975585938,2.9071593611563777,2.076132108185771,-0.8310272529706066,0.4,61.662259925119066,-0.14316353437236806,64.30101937723518,0.7121243405855406
44930,Josh Reynolds,GO,MAN_COVERAGE,5,0.8,18.6,118.75,0.0,14.255999755859381,1.2403281863589208,1.253941471764757,0.013613285405836017,0.0,18.001964886526633,1.256055855854872,15.928312094774782,0.7866989835799519
53435,Jaylen Waddle,GO,ZONE_COVERAGE,5,0.6,25.4,143.75,0.0,36.94000015258788,2.1887280366453274,1.5022168949467027,-0.6865111416986249,0.2,21.45262758518951,0.1974510902849751,24.42584627247004,0.93224471269037
43344,Tyler Boyd,OUT,ZONE_COVERAGE,5,0.4,1.2,47.91666666666667,0.0,5.7320003509521396,2.1773493571920026,1.9327732067110017,-0.24457615048100081,0.2,28.500725740362817,1.432461276126031,46.14019231618705,0.9289786488023024
46437,Gus Edwards,ANGLE,ZONE_COVERAGE,5,1.0,15.0,118.75,0.0,3.7200004577636805,5.921902804783576,5.992731428888957,0.7820488986323978,1.0,18.298725781386832,-0.9957399033861147,21.774015855979975,0.19502166933561144
54481,Jahan Dotson,CROSS,ZONE_COVERAGE,5,0.2,2.0,0.0,0.2,10.500000000000002,3.183643353212485,2.163018206329166,-1.0206251468833187,0.6,10.209956059646675,0.3541138938702481,24.584937602031687,0.8622211775586175
53434,Ja'Marr Chase,CROSS,ZONE_COVERAGE,5,0.8,17.2,158.33333333333331,0.0,8.9400001525879,4.861068486066724,5.598111698653387,0.24321653018147044,0.8,13.967092778422204,0.6652207866050279,16.85890997451356,0.35890775078084614
52433,Brandon Aiyuk,CROSS,ZONE_COVERAGE,5,0.6,15.8,104.16666666666667,0.0,12.951998519897439,4.75314225803479,4.342400450013109,-1.1814472446490971,1.0,22.261207166794065,0.22114568039572724,39.56794587376601,0.320096533645387
46167,Jordan Akins,HITCH,ZONE_COVERAGE,5,0.8,6.2,92.5,0.0,4.451999664306662,4.646548525742134,2.3391043871644257,-2.3074441385777087,1.0,38.667242234325315,-2.327796993073698,66.67751982449727,0.6466028532257908
44917,James Conner,ANGLE,ZONE_COVERAGE,5,1.0,8.4,101.66666666666666,0.0,0.38200035095214063,9.387458017016156,3.8485321877307967,-3.338191683408266,1.0,20.39845808166884,-0.10890207007080424,18.763160254035995,0.8892330329342731
44841,David Njoku,CROSS,MAN_COVERAGE,5,0.8,16.8,158.33333333333331,0.0,2.3579994201660215,2.653571079911059,4.055746425781843,1.0721216745557745,0.4,4.823145617910808,0.7229617947946736,18.55593646345161,0.8658631431354391
43370,Austin Hooper,FLAT,MAN_COVERAGE,5,0.8,10.0,108.33333333333333,0.0,1.7579986572265214,6.563565450987271,5.670370614045607,-0.8931948369416631,0.8,11.384245063392683,-0.5289779228602919,43.9423050675703,0.5816545606535378
55939,Cedric Tillman,GO,ZONE_COVERAGE,5,0.2,3.6,2.5000000000000004,0.2,17.045999145507817,1.4803943808483822,2.0621618341298342,0.5817674532814519,0.0,28.407062826810098,0.16549902352477766,27.71366751270829,0.690310887900827
44881,Cooper Kupp,CROSS,ZONE_COVERAGE,5,0.8,9.2,105.0,0.0,-1.2539997100829985,8.784843393898162,1.016513649687008,-1.5996858839877466,0.8,19.155463473485526,-0.674601347909405,21.200230517589716,0.9911028469369774
53456,Rashod Bateman,SLANT,MAN_COVERAGE,5,0.8,9.2,105.0,0.0,7.083998870849601,1.5060204498892544,1.0779526512385575,-0.42806779865069694,0.0,8.64517370934314,1.2779704395399487,17.75370012841079,0.8627170288085914
54520,Trey McBride,CORNER,ZONE_COVERAGE,5,0.8,22.2,79.16666666666666,0.2,19.501998901367198,4.524352017196089,2.9631757934633236,-1.5611762237327658,0.6,21.276164158646196,-0.3907501197635771,35.08178794955951,0.8111416165549622
46192,Durham Smythe,CROSS,ZONE_COVERAGE,5,0.8,5.8,90.83333333333333,0.0,2.299999999999977,5.477914194012555,5.261126191659698,-0.21678800235285678,0.8,6.2197684622150975,-0.44699122567202065,17.36986875650369,0.3847087064258735
40129,Latavius Murray,ANGLE,ZONE_COVERAGE,5,0.6,2.8,64.58333333333334,0.0,1.4099996566772404,6.006225030897196,2.3797246544903587,-1.6767706192135183,0.8,6.180205947618839,-0.34650445897746335,16.489263624230045,-0.19179717564674204
54604,Isaiah Likely,OUT,ZONE_COVERAGE,5,0.8,11.0,112.5,0.0,7.575998687744144,5.172157990507638,3.4612231213542812,-1.7464901416718799,0.8,30.46477577905216,1.3336316994472677,25.325654923181105,0.7617372410399177
55939,Cedric Tillman,HITCH,ZONE_COVERAGE,5,0.6,5.2,34.166666666666664,0.2,5.558000946044899,3.0079876228825544,1.7601356141029285,-1.2478520087796263,0.4,75.25831142731309,0.1831239786030568,35.95467121091414,0.6775955889321956
52451,Cole Kmet,OUT,MAN_COVERAGE,5,0.8,4.2,123.75,0.0,6.4759979248047586,1.8499667352925517,1.9507398491703072,0.10077311387775567,0.0,14.289809035759038,1.008320680042245,30.782644397804027,0.8658767423360784
46243,Marquez Valdes-Scantling,GO,ZONE_COVERAGE,5,0.2,6.8,15.833333333333332,0.2,35.58800029754639,2.342315644155826,1.7574241205153602,-0.5848915236404659,0.2,39.95635315221922,0.7704051030549488,39.71867452693921,0.8791218445922537
54477,Jameson Williams,CROSS,MAN_COVERAGE,5,0.8,18.2,118.75,0.0,9.97799987792968,2.301411421635664,1.6738323551964118,-0.6275790664392522,0.2,20.291451801378408,0.3691591190845564,20.679653523551195,0.5574913764940137
55920,Rashee Rice,IN,ZONE_COVERAGE,5,1.0,7.6,98.33333333333334,0.0,3.0400005340576195,4.2365296878743175,5.83144186836998,0.23968624497041682,0.6,33.32131384811214,-0.26640630753348715,73.32359388192695,0.24036039108487128
54518,Alec Pierce,SLANT,MAN_COVERAGE,5,0.6,5.2,73.75,0.0,5.5539993286132585,3.1456372904159715,1.7255298530490961,-1.4201074373668754,0.6,16.389780392935705,-0.12373199750901805,18.955328748197825,0.4917288591889194
56027,Will Mallory,CROSS,MAN_COVERAGE,5,0.6,5.6,75.41666666666667,0.0,3.525999450683598,2.387694064444217,2.9741815689859195,0.5864875045417026,0.4,13.768186794448075,0.09050787624933605,20.0872416323741,0.8012874975760187
55899,Sam LaPorta,SLANT,ZONE_COVERAGE,5,0.8,9.2,65.41666666666667,0.2,5.4780006408690785,2.592465786240438,2.830262719883697,0.23779693364325877,0.2,17.559930300338777,1.1142320780476647,32.8345130274271,0.269291715789499
44896,Chris Godwin Jr.,CORNER,ZONE_COVERAGE,5,0.4,7.2,65.41666666666667,0.0,17.40600051879882,2.7629122774259303,1.8316784859939013,-0.9312337914320283,0.2,31.716837626262425,0.9975207088492848,28.744733481954434,0.8757095030379702
53478,Rondale Moore,HITCH,ZONE_COVERAGE,5,1.0,8.0,100.0,0.0,2.689999389648419,6.477822482628104,5.276562072598788,-0.7700438847790554,1.0,20.07389097941577,-0.6449719198460644,23.762406068817043,-0.03866625799213018
55959,Michael Wilson,GO,MAN_COVERAGE,5,0.2,3.2,40.416666666666664,0.0,18.043999671936035,1.3893485226160778,0.9717011949325673,-0.4176473276835103,0.0,25.846707734570337,0.9378452356774716,20.054065802063054,0.8337758994865012
54520,Trey McBride,SLANT,ZONE_COVERAGE,5,1.0,11.4,114.16666666666666,0.0,5.0639999389648604,4.751115856805242,4.082323965145944,-0.6687918916592983,0.4,15.713708220896223,0.8413146751171524,5.642640041200468,0.15678535826289383
54577,Daniel Bellinger,HITCH,ZONE_COVERAGE,5,0.6,7.4,82.91666666666666,0.0,3.425999832153321,3.872912443798227,1.8425379833232183,-1.1916022947228724,0.6,24.800187105382822,0.007564273363853058,44.21429941552749,0.38650171498848057
55900,Michael Mayer,OUT,ZONE_COVERAGE,5,0.6,6.4,78.75,0.0,3.73199920654296,3.177127737262724,2.608144383826806,-0.5689833534359177,0.4,23.42689620842941,0.969960202197251,38.809083272463695,0.6308654415314424
